0,96.6432,0,617.486
0.037128,96.6434,0.077997,617.485
0.074255,96.6442,0.155995,617.48
0.111381,96.6455,0.233993,617.473
0.148505,96.6473,0.311991,617.462
0.185626,96.6495,0.389989,617.448
0.222744,96.6524,0.467988,617.432
0.259858,96.6557,0.545987,617.412
0.296967,96.6595,0.623987,617.389
0.334071,96.6638,0.701988,617.363
0.371169,96.6687,0.77999,617.334
0.408261,96.674,0.857993,617.302
0.445345,96.6799,0.935996,617.267
0.482421,96.6863,1.014001,617.229
0.519489,96.6931,1.092008,617.188
0.556548,96.7005,1.170015,617.144
0.593596,96.7084,1.248024,617.096
0.630635,96.7169,1.326034,617.046
0.667662,96.7258,1.404046,616.993
0.704677,96.7352,1.48206,616.937
0.74168,96.7451,1.560076,616.877
0.778669,96.7556,1.638093,616.815
0.815645,96.7666,1.716113,616.749
0.852606,96.778,1.794135,616.681
0.889552,96.79,1.872159,616.609
0.926483,96.8025,1.950185,616.535
0.963397,96.8155,2.028213,616.457
1.000294,96.829,2.106244,616.376
1.037173,96.843,2.184278,616.293
1.074034,96.8575,2.262314,616.206
1.110876,96.8725,2.340353,616.116
1.147698,96.8881,2.418395,616.023
1.1845,96.9041,2.49644,615.928
1.221281,96.9206,2.574488,615.829
1.25804,96.9377,2.652539,615.727
1.294777,96.9553,2.730594,615.622
1.331492,96.9733,2.808652,615.514
1.368182,96.9919,2.886713,615.403
1.404849,97.011,2.964778,615.289
1.441491,97.0306,3.042846,615.172
1.478107,97.0507,3.120918,615.052
1.514698,97.0713,3.198994,614.929
1.551261,97.0924,3.277074,614.803
1.587797,97.114,3.355158,614.674
1.624306,97.1361,3.433246,614.541
1.660785,97.1587,3.511338,614.406
1.697236,97.1819,3.589435,614.268
1.733656,97.2055,3.667536,614.127
1.770046,97.2296,3.745641,613.983
1.806405,97.2543,3.823751,613.836
1.842733,97.2794,3.901866,613.685
1.879027,97.3051,3.979985,613.532
1.915289,97.3312,4.05811,613.376
1.951517,97.3579,4.136239,613.217
1.987711,97.385,4.214374,613.054
2.02387,97.4127,4.292513,612.889
2.059994,97.4409,4.370658,612.721
2.096081,97.4695,4.448808,612.55
2.132132,97.4987,4.526964,612.375
2.168145,97.5284,4.605125,612.198
2.20412,97.5585,4.683292,612.018
2.240057,97.5892,4.761465,611.834
2.275955,97.6204,4.839643,611.648
2.311813,97.6521,4.917828,611.459
2.34763,97.6842,4.996018,611.267
2.383407,97.7169,5.074215,611.072
2.419142,97.7501,5.152418,610.873
2.454834,97.7837,5.230627,610.672
2.490484,97.8179,5.308842,610.468
2.526091,97.8526,5.387064,610.261
2.561653,97.8878,5.465293,610.051
2.597171,97.9234,5.543528,609.838
2.632644,97.9596,5.62177,609.622
2.668071,97.9962,5.700019,609.403
2.703452,98.0334,5.778275,609.181
2.738786,98.071,5.856538,608.956
2.774072,98.1092,5.934808,608.728
2.80931,98.1478,6.013086,608.497
2.844499,98.187,6.09137,608.263
2.87964,98.2266,6.169663,608.026
2.91473,98.2667,6.247962,607.787
2.94977,98.3074,6.32627,607.544
2.984759,98.3485,6.404585,607.298
3.019696,98.3901,6.482908,607.05
3.054581,98.4322,6.561239,606.798
3.089414,98.4748,6.639578,606.544
3.124193,98.5179,6.717925,606.286
3.158918,98.5615,6.79628,606.026
3.193589,98.6055,6.874644,605.763
3.228206,98.6501,6.953016,605.497
3.262766,98.6951,7.031396,605.227
3.297271,98.7407,7.109786,604.955
3.331719,98.7867,7.188183,604.68
3.366109,98.8332,7.26659,604.402
3.400443,98.8802,7.345005,604.122
3.434717,98.9277,7.42343,603.838
3.468933,98.9757,7.501863,603.551
3.50309,99.0242,7.580306,603.262
3.537187,99.0731,7.658758,602.969
3.571223,99.1226,7.737219,602.674
3.605199,99.1725,7.81569,602.375
3.639113,99.2229,7.89417,602.074
3.672965,99.2738,7.97266,601.77
3.706755,99.3252,8.05116,601.463
3.740481,99.377,8.129669,601.153
3.774144,99.4294,8.208189,600.841
3.807743,99.4822,8.286718,600.525
3.841277,99.5355,8.365257,600.207
3.874746,99.5893,8.443807,599.885
3.90815,99.6436,8.522367,599.561
3.941487,99.6984,8.600938,599.234
3.974758,99.7536,8.679518,598.904
4.007961,99.8093,8.75811,598.571
4.041097,99.8655,8.836712,598.235
4.074165,99.9222,8.915325,597.897
4.107164,99.9793,8.993949,597.555
4.140094,100.037,9.072583,597.211
4.172954,100.095,9.151229,596.864
4.205744,100.154,9.229886,596.514
4.238464,100.213,9.308554,596.161
4.271112,100.272,9.387234,595.805
4.303689,100.332,9.465924,595.447
4.336194,100.393,9.544627,595.086
4.368626,100.454,9.623341,594.721
4.400986,100.515,9.702067,594.355
4.433272,100.577,9.780804,593.985
4.465484,100.639,9.859554,593.612
4.497621,100.702,9.938315,593.237
4.529684,100.765,10.017089,592.859
4.561671,100.829,10.095874,592.478
4.593583,100.893,10.174672,592.094
4.625418,100.958,10.253483,591.707
4.657177,101.023,10.332305,591.318
4.688859,101.089,10.411141,590.926
4.720462,101.155,10.489989,590.531
4.751988,101.222,10.568849,590.133
4.783436,101.289,10.647723,589.732
4.814805,101.356,10.726609,589.329
4.846094,101.424,10.805509,588.923
4.877303,101.493,10.884422,588.514
4.908433,101.562,10.963347,588.102
4.939481,101.631,11.042286,587.688
4.970449,101.701,11.121239,587.271
5.001335,101.771,11.200205,586.851
5.03214,101.842,11.279185,586.428
5.062862,101.913,11.358178,586.003
5.093501,101.985,11.437185,585.575
5.124058,102.057,11.516206,585.144
5.15453,102.129,11.59524,584.711
5.184919,102.202,11.674289,584.274
5.215224,102.276,11.753352,583.835
5.245443,102.35,11.83243,583.394
5.275578,102.424,11.911521,582.949
5.305627,102.499,11.990627,582.502
5.335591,102.574,12.069748,582.052
5.365468,102.65,12.148883,581.6
5.395258,102.726,12.228032,581.145
5.424961,102.803,12.307197,580.687
5.454577,102.88,12.386376,580.226
5.484106,102.957,12.465571,579.763
5.513546,103.035,12.54478,579.297
5.542897,103.114,12.624005,578.828
5.57216,103.193,12.703245,578.357
5.601333,103.272,12.7825,577.883
5.630417,103.352,12.861771,577.407
5.659411,103.432,12.941057,576.927
5.688314,103.513,13.020359,576.445
5.717127,103.594,13.099676,575.961
5.745849,103.675,13.179009,575.474
5.774479,103.757,13.258359,574.984
5.803018,103.84,13.337724,574.491
5.831465,103.923,13.417105,573.996
5.859819,104.006,13.496503,573.499
5.888081,104.09,13.575916,572.998
5.916249,104.174,13.655346,572.496
5.944324,104.258,13.734793,571.99
5.972306,104.344,13.814256,571.482
6.000194,104.429,13.893736,570.971
6.027987,104.515,13.973232,570.458
6.055685,104.601,14.052745,569.942
6.083289,104.688,14.132275,569.424
6.110797,104.775,14.211822,568.903
6.13821,104.863,14.291386,568.379
6.165527,104.951,14.370968,567.853
6.192748,105.039,14.450566,567.324
6.219872,105.128,14.530182,566.793
6.2469,105.218,14.609816,566.259
6.273831,105.308,14.689467,565.723
6.300664,105.398,14.769135,565.184
6.3274,105.488,14.848822,564.643
6.354037,105.579,14.928526,564.099
6.380577,105.671,15.008248,563.552
6.407018,105.763,15.087988,563.003
6.43336,105.855,15.167746,562.452
6.459604,105.948,15.247522,561.898
6.485748,106.041,15.327317,561.341
6.511793,106.134,15.40713,560.782
6.537737,106.228,15.486961,560.221
6.563582,106.323,15.566811,559.657
6.589327,106.418,15.64668,559.091
6.614971,106.513,15.726567,558.522
6.640514,106.609,15.806473,557.95
6.665956,106.705,15.886398,557.377
6.691297,106.801,15.966342,556.8
6.716536,106.898,16.046305,556.222
6.741674,106.995,16.126288,555.64
6.766709,107.093,16.206289,555.057
6.791643,107.191,16.28631,554.471
6.816474,107.289,16.36635,553.882
6.841202,107.388,16.44641,553.291
6.865827,107.488,16.526489,552.698
6.890349,107.587,16.606589,552.103
6.914768,107.687,16.686708,551.504
6.939083,107.788,16.766846,550.904
6.963295,107.889,16.847005,550.301
6.987402,107.99,16.927184,549.696
7.011405,108.092,17.007383,549.088
7.035304,108.194,17.087602,548.478
7.059099,108.296,17.167842,547.866
7.082788,108.399,17.248102,547.251
7.106373,108.503,17.328383,546.634
7.129852,108.606,17.408684,546.015
7.153226,108.71,17.489006,545.393
7.176495,108.815,17.569348,544.769
7.199658,108.92,17.649712,544.142
7.222714,109.025,17.730096,543.513
7.245665,109.131,17.810502,542.882
7.26851,109.237,17.890928,542.249
7.291248,109.343,17.971376,541.613
7.313879,109.45,18.051845,540.975
7.336404,109.557,18.132336,540.335
7.358822,109.665,18.212848,539.692
7.381132,109.773,18.293382,539.047
7.403336,109.881,18.373937,538.4
7.425432,109.99,18.454514,537.751
7.44742,110.099,18.535113,537.099
7.469301,110.208,18.615733,536.445
7.491074,110.318,18.696376,535.789
7.512739,110.428,18.777041,535.131
7.534296,110.539,18.857728,534.47
7.555744,110.65,18.938438,533.807
7.577084,110.761,19.019169,533.142
7.598316,110.873,19.099923,532.475
7.619439,110.985,19.1807,531.805
7.640453,111.097,19.2615,531.134
7.661358,111.21,19.342322,530.46
7.682154,111.323,19.423166,529.784
7.702841,111.437,19.504034,529.105
7.723418,111.551,19.584925,528.425
7.743886,111.665,19.665839,527.742
7.764245,111.779,19.746775,527.058
7.784494,111.894,19.827736,526.371
7.804633,112.01,19.908719,525.682
7.824662,112.125,19.989726,524.99
7.844582,112.242,20.070756,524.297
7.864391,112.358,20.15181,523.602
7.88409,112.475,20.232888,522.904
7.903679,112.592,20.313989,522.204
7.923158,112.709,20.395114,521.502
7.942526,112.827,20.476263,520.799
7.961784,112.945,20.557436,520.092
7.980931,113.064,20.638633,519.384
7.999967,113.183,20.719855,518.674
8.018893,113.302,20.8011,517.962
8.037708,113.421,20.88237,517.248
8.056412,113.541,20.963664,516.531
8.075005,113.662,21.044983,515.813
8.093486,113.782,21.126327,515.092
8.111857,113.903,21.207695,514.37
8.130117,114.024,21.289088,513.645
8.148265,114.146,21.370505,512.919
8.166302,114.268,21.451948,512.19
8.184228,114.39,21.533416,511.46
8.202042,114.513,21.614909,510.727
8.219744,114.636,21.696427,509.992
8.237336,114.759,21.77797,509.256
8.254815,114.883,21.859539,508.517
8.272183,115.007,21.941133,507.777
8.289439,115.131,22.022752,507.034
8.306584,115.256,22.104397,506.29
8.323617,115.381,22.186068,505.544
8.340538,115.506,22.267765,504.795
8.357347,115.631,22.349487,504.045
8.374044,115.757,22.431236,503.293
8.39063,115.883,22.51301,502.539
8.407103,116.01,22.594811,501.783
8.423465,116.137,22.676638,501.025
8.439714,116.264,22.758491,500.265
8.455852,116.392,22.84037,499.503
8.471878,116.519,22.922276,498.74
8.487791,116.648,23.004208,497.974
8.503593,116.776,23.086167,497.207
8.519282,116.905,23.168153,496.438
8.53486,117.034,23.250165,495.667
8.550325,117.163,23.332205,494.894
8.565678,117.293,23.414271,494.119
8.580919,117.423,23.496364,493.342
8.596048,117.553,23.578484,492.564
8.611065,117.684,23.660632,491.784
8.62597,117.815,23.742807,491.002
8.640763,117.946,23.825009,490.218
8.655444,118.077,23.907238,489.432
8.670012,118.209,23.989495,488.645
8.684469,118.341,24.07178,487.856
8.698813,118.474,24.154092,487.065
8.713046,118.606,24.236432,486.272
8.727166,118.739,24.318799,485.478
8.741175,118.872,24.401195,484.682
8.755071,119.006,24.483619,483.884
8.768856,119.14,24.56607,483.084
8.782528,119.274,24.64855,482.283
8.796089,119.408,24.731058,481.48
8.809538,119.543,24.813595,480.675
8.822874,119.678,24.896159,479.868
8.836099,119.813,24.978753,479.06
8.849213,119.949,25.061374,478.25
8.862214,120.085,25.144025,477.439
8.875104,120.221,25.226704,476.626
8.887882,120.357,25.309411,475.811
8.900548,120.494,25.392148,474.994
8.913103,120.631,25.474914,474.176
8.925546,120.768,25.557708,473.356
8.937878,120.906,25.640532,472.535
8.950098,121.043,25.723385,471.712
8.962207,121.181,25.806267,470.887
8.974205,121.32,25.889178,470.061
8.986091,121.458,25.972119,469.233
8.997866,121.597,26.055089,468.404
9.009529,121.736,26.138089,467.573
9.021082,121.876,26.221118,466.74
9.032523,122.015,26.304177,465.906
9.043854,122.155,26.387266,465.071
9.055073,122.295,26.470385,464.233
9.066182,122.436,26.553534,463.395
9.077179,122.576,26.636712,462.554
9.088066,122.717,26.719921,461.713
9.098842,122.858,26.80316,460.869
9.109508,123,26.886429,460.025
9.120063,123.141,26.969729,459.178
9.130507,123.283,27.053059,458.331
9.140842,123.425,27.136419,457.481
9.151065,123.568,27.21981,456.631
9.161179,123.71,27.303232,455.779
9.171182,123.853,27.386684,454.925
9.181076,123.996,27.470167,454.07
9.190859,124.14,27.553681,453.213
9.200532,124.283,27.637225,452.355
9.210096,124.427,27.720801,451.496
9.219549,124.571,27.804408,450.635
9.228894,124.716,27.888046,449.773
9.238128,124.86,27.971715,448.91
9.247253,125.005,28.055415,448.045
9.256269,125.15,28.139147,447.178
9.265175,125.295,28.22291,446.311
9.273972,125.441,28.306705,445.442
9.282661,125.586,28.390531,444.571
9.29124,125.732,28.474389,443.7
9.29971,125.878,28.558279,442.827
9.308071,126.025,28.6422,441.952
9.316324,126.171,28.726153,441.077
9.324468,126.318,28.810139,440.2
9.332504,126.465,28.894156,439.321
9.340431,126.612,28.978205,438.442
9.34825,126.76,29.062287,437.561
9.355961,126.907,29.1464,436.679
9.363564,127.055,29.230546,435.795
9.371059,127.203,29.314725,434.911
9.378446,127.352,29.398935,434.025
9.385725,127.5,29.483179,433.138
9.392897,127.649,29.567455,432.249
9.399962,127.798,29.651763,431.36
9.406919,127.947,29.736104,430.469
9.413768,128.096,29.820478,429.577
9.420511,128.246,29.904885,428.684
9.427147,128.395,29.989325,427.79
9.433676,128.545,30.073798,426.894
9.440098,128.695,30.158304,425.997
9.446413,128.845,30.242843,425.1
9.452622,128.996,30.327415,424.201
9.458725,129.147,30.41202,423.3
9.464721,129.297,30.496659,422.399
9.470611,129.449,30.581331,421.497
9.476396,129.6,30.666037,420.593
9.482074,129.751,30.750776,419.689
9.487647,129.903,30.835549,418.783
9.493114,130.055,30.920356,417.876
9.498476,130.207,31.005196,416.968
9.503733,130.359,31.09007,416.059
9.508884,130.511,31.174978,415.149
9.51393,130.663,31.25992,414.238
9.518872,130.816,31.344896,413.326
9.523708,130.969,31.429906,412.413
9.528441,131.122,31.51495,411.499
9.533068,131.275,31.600028,410.584
9.537592,131.429,31.685141,409.668
9.542011,131.582,31.770287,408.751
9.546326,131.736,31.855469,407.832
9.550537,131.89,31.940685,406.913
9.554645,132.044,32.025935,405.993
9.558649,132.198,32.11122,405.072
9.56255,132.352,32.196539,404.15
9.566347,132.507,32.281894,403.227
9.570041,132.661,32.367283,402.303
9.573632,132.816,32.452707,401.378
9.577121,132.971,32.538165,400.453
9.580506,133.126,32.623659,399.526
9.58379,133.281,32.709188,398.599
9.586971,133.437,32.794752,397.67
9.590049,133.592,32.880351,396.741
9.593026,133.748,32.965985,395.811
9.595901,133.904,33.051655,394.88
9.598674,134.06,33.13736,393.948
9.601345,134.216,33.2231,393.015
9.603915,134.372,33.308876,392.082
9.606384,134.529,33.394688,391.147
9.608752,134.685,33.480535,390.212
9.611019,134.842,33.566417,389.276
9.613185,134.999,33.652336,388.339
9.61525,135.155,33.73829,387.402
9.617215,135.312,33.82428,386.464
9.61908,135.47,33.910306,385.525
9.620845,135.627,33.996367,384.585
9.62251,135.784,34.082465,383.644
9.624075,135.942,34.168599,382.703
9.62554,136.1,34.254769,381.761
9.626906,136.257,34.340975,380.818
9.628173,136.415,34.427218,379.874
9.629341,136.573,34.513496,378.93
9.63041,136.732,34.599811,377.985
9.63138,136.89,34.686163,377.04
9.632251,137.048,34.772551,376.093
9.633024,137.207,34.858975,375.147
9.633699,137.365,34.945436,374.199
9.634276,137.524,35.031934,373.251
9.634755,137.683,35.118469,372.302
9.635137,137.842,35.20504,371.352
9.635421,138.001,35.291648,370.402
9.635607,138.16,35.378293,369.452
9.635696,138.319,35.464974,368.5
9.635689,138.479,35.551693,367.548
9.635584,138.638,35.638449,366.596
9.635383,138.798,35.725242,365.643
9.635086,138.957,35.812072,364.689
9.634692,139.117,35.898939,363.735
9.634202,139.277,35.985843,362.78
9.633617,139.437,36.072785,361.825
9.632935,139.597,36.159764,360.869
9.632159,139.757,36.24678,359.913
9.631286,139.917,36.333834,358.956
9.630319,140.077,36.420926,357.999
9.629256,140.237,36.508055,357.041
9.628099,140.398,36.595221,356.083
9.626848,140.558,36.682426,355.124
9.625501,140.719,36.769667,354.165
9.624061,140.879,36.856947,353.206
9.622526,141.04,36.944265,352.246
9.620898,141.201,37.03162,351.285
9.619176,141.362,37.119013,350.324
9.617361,141.523,37.206445,349.363
9.615452,141.684,37.293914,348.401
9.61345,141.845,37.381421,347.439
9.611355,142.006,37.468966,346.477
9.609167,142.167,37.55655,345.514
9.606887,142.328,37.644172,344.55
9.604515,142.489,37.731832,343.587
9.60205,142.651,37.81953,342.623
9.599494,142.812,37.907267,341.659
9.596845,142.974,37.995042,340.694
9.594105,143.135,38.082855,339.729
9.591274,143.297,38.170707,338.764
9.588352,143.458,38.258598,337.799
9.585338,143.62,38.346527,336.833
9.582234,143.782,38.434494,335.867
9.579039,143.943,38.522501,334.9
9.575753,144.105,38.610546,333.934
9.572378,144.267,38.698629,332.967
9.568912,144.429,38.786752,332
9.565357,144.591,38.874913,331.033
9.561712,144.753,38.963114,330.065
9.557977,144.915,39.051353,329.097
9.554153,145.077,39.139631,328.129
9.55024,145.239,39.227948,327.161
9.546239,145.401,39.316304,326.193
9.542148,145.563,39.4047,325.224
9.537969,145.725,39.493134,324.256
9.533702,145.887,39.581608,323.287
9.529347,146.049,39.670121,322.318
9.524904,146.212,39.758673,321.349
9.520373,146.374,39.847264,320.38
9.515755,146.536,39.935895,319.41
9.51105,146.698,40.024565,318.441
9.506257,146.861,40.113275,317.472
9.501378,147.023,40.202024,316.502
9.496411,147.185,40.290812,315.532
9.491359,147.348,40.37964,314.563
9.48622,147.51,40.468508,313.593
9.480995,147.672,40.557415,312.623
9.475684,147.835,40.646362,311.653
9.470288,147.997,40.735348,310.683
9.464806,148.159,40.824375,309.713
9.459238,148.322,40.913441,308.743
9.453586,148.484,41.002546,307.773
9.447849,148.646,41.091692,306.803
9.442027,148.809,41.180877,305.833
9.43612,148.971,41.270103,304.864
9.43013,149.133,41.359368,303.894
9.424055,149.296,41.448673,302.924
9.417896,149.458,41.538018,301.954
9.411654,149.62,41.627404,300.984
9.405328,149.783,41.716829,300.015
9.398919,149.945,41.806294,299.045
9.392427,150.107,41.8958,298.076
9.385852,150.269,41.985346,297.107
9.379195,150.432,42.074932,296.137
9.372455,150.594,42.164558,295.168
9.365632,150.756,42.254224,294.199
9.358728,150.918,42.343931,293.231
9.351742,151.08,42.433678,292.262
9.344674,151.242,42.523465,291.293
9.337525,151.404,42.613293,290.325
9.330294,151.566,42.703161,289.357
9.322983,151.729,42.793069,288.389
9.31559,151.89,42.883018,287.421
9.308117,152.052,42.973007,286.454
9.300564,152.214,43.063037,285.487
9.29293,152.376,43.153108,284.519
9.285217,152.538,43.243219,283.553
9.277423,152.7,43.333371,282.586
9.26955,152.862,43.423563,281.62
9.261598,153.023,43.513796,280.654
9.253566,153.185,43.604069,279.688
9.245456,153.347,43.694383,278.722
9.237266,153.508,43.784738,277.757
9.228998,153.67,43.875134,276.792
9.220652,153.831,43.965571,275.828
9.212228,153.992,44.056048,274.863
9.203725,154.154,44.146566,273.9
9.195145,154.315,44.237125,272.936
9.186487,154.476,44.327725,271.973
9.177752,154.638,44.418365,271.01
9.168939,154.799,44.509047,270.047
9.16005,154.96,44.599769,269.085
9.151084,155.121,44.690533,268.124
9.142042,155.282,44.781337,267.162
9.132923,155.442,44.872182,266.201
9.123728,155.603,44.963069,265.241
9.114457,155.764,45.053996,264.281
9.10511,155.924,45.144964,263.321
9.095688,156.085,45.235974,262.362
9.08619,156.245,45.327024,261.403
9.076618,156.406,45.418116,260.445
9.06697,156.566,45.509249,259.487
9.057248,156.726,45.600423,258.53
9.047451,156.887,45.691638,257.573
9.03758,157.047,45.782894,256.617
9.027635,157.207,45.874191,255.661
9.017616,157.366,45.965529,254.706
9.007524,157.526,46.056909,253.751
8.997357,157.686,46.14833,252.797
8.987118,157.846,46.239792,251.844
8.976806,158.005,46.331296,250.891
8.96642,158.165,46.42284,249.938
8.955962,158.324,46.514426,248.986
8.945432,158.483,46.606053,248.035
8.934829,158.642,46.697722,247.084
8.924154,158.801,46.789431,246.134
8.913408,158.96,46.881182,245.185
8.90259,159.119,46.972975,244.236
8.8917,159.278,47.064808,243.287
8.880739,159.436,47.156683,242.34
8.869707,159.595,47.2486,241.393
8.858604,159.753,47.340558,240.447
8.847431,159.912,47.432557,239.501
8.836187,160.07,47.524597,238.556
8.824873,160.228,47.616679,237.612
8.813489,160.386,47.708802,236.669
8.802035,160.543,47.800967,235.726
8.790512,160.701,47.893173,234.784
8.778919,160.859,47.98542,233.842
8.767257,161.016,48.077709,232.902
8.755526,161.173,48.170039,231.962
8.743726,161.331,48.262411,231.023
8.731858,161.488,48.354824,230.084
8.719921,161.645,48.447278,229.147
8.707916,161.801,48.539774,228.21
8.695843,161.958,48.632312,227.274
8.683702,162.115,48.72489,226.339
8.671494,162.271,48.817511,225.405
8.659218,162.427,48.910172,224.471
8.646875,162.583,49.002875,223.538
8.634465,162.739,49.09562,222.607
8.621988,162.895,49.188406,221.676
8.609445,163.051,49.281233,220.745
8.596835,163.206,49.374102,219.816
8.584159,163.362,49.467012,218.888
8.571417,163.517,49.559963,217.96
8.55861,163.672,49.652956,217.034
8.545736,163.827,49.745991,216.108
8.532798,163.982,49.839067,215.183
8.519794,164.137,49.932184,214.259
8.506725,164.291,50.025343,213.336
8.493592,164.445,50.118543,212.414
8.480394,164.6,50.211784,211.493
8.467131,164.754,50.305067,210.573
8.453804,164.907,50.398391,209.654
8.440414,165.061,50.491757,208.736
8.426959,165.215,50.585164,207.819
8.413441,165.368,50.678612,206.903
8.39986,165.521,50.772102,205.987
8.386215,165.674,50.865633,205.073
8.372508,165.827,50.959205,204.16
8.358737,165.98,51.052819,203.248
8.344904,166.132,51.146474,202.337
8.331009,166.285,51.24017,201.427
8.317051,166.437,51.333907,200.518
8.303032,166.589,51.427686,199.61
8.28895,166.74,51.521506,198.703
8.274807,166.892,51.615368,197.798
8.260603,167.043,51.70927,196.893
8.246337,167.195,51.803214,195.99
8.232011,167.346,51.897199,195.087
8.217623,167.497,51.991225,194.186
8.203175,167.647,52.085292,193.286
8.188667,167.798,52.179401,192.387
8.174098,167.948,52.273551,191.489
8.159469,168.098,52.367741,190.592
8.144781,168.248,52.461973,189.697
8.130032,168.398,52.556246,188.802
8.115225,168.547,52.65056,187.909
8.100358,168.696,52.744916,187.017
8.085432,168.846,52.839312,186.126
8.070447,168.994,52.933749,185.237
8.055403,169.143,53.028227,184.349
8.040301,169.292,53.122746,183.461
8.025141,169.44,53.217306,182.576
8.009923,169.588,53.311907,181.691
7.994646,169.736,53.406549,180.808
7.979313,169.884,53.501232,179.925
7.963921,170.031,53.595956,179.045
7.948472,170.178,53.69072,178.165
7.932966,170.325,53.785526,177.287
7.917403,170.472,53.880372,176.41
7.901784,170.619,53.975259,175.534
7.886108,170.765,54.070186,174.66
7.870375,170.911,54.165155,173.787
7.854587,171.057,54.260164,172.915
7.838742,171.203,54.355213,172.045
7.822842,171.348,54.450304,171.176
7.806886,171.493,54.545435,170.308
7.790874,171.638,54.640606,169.442
7.774808,171.783,54.735818,168.577
7.758686,171.928,54.831071,167.713
7.74251,172.072,54.926364,166.851
7.726279,172.216,55.021697,165.99
7.709993,172.36,55.117071,165.131
7.693653,172.503,55.212485,164.273
7.677259,172.647,55.30794,163.417
7.660812,172.79,55.403435,162.562
7.64431,172.933,55.49897,161.708
7.627756,173.075,55.594546,160.856
7.611147,173.218,55.690161,160.005
7.594486,173.36,55.785817,159.156
7.577772,173.502,55.881513,158.308
7.561005,173.644,55.97725,157.462
7.544185,173.785,56.073026,156.617
7.527313,173.926,56.168842,155.774
7.510389,174.067,56.264698,154.932
7.493413,174.208,56.360594,154.092
7.476385,174.348,56.456531,153.253
7.459306,174.488,56.552507,152.416
7.442175,174.628,56.648522,151.58
7.424993,174.768,56.744578,150.746
7.407759,174.907,56.840673,149.913
7.390475,175.046,56.936809,149.083
7.37314,175.185,57.032983,148.253
7.355755,175.323,57.129198,147.425
7.338319,175.462,57.225452,146.599
7.320834,175.6,57.321745,145.774
7.303298,175.738,57.418078,144.951
7.285712,175.875,57.514451,144.13
7.268077,176.012,57.610863,143.31
7.250393,176.149,57.707314,142.492
7.232659,176.286,57.803805,141.676
7.214876,176.422,57.900335,140.861
7.197045,176.558,57.996904,140.048
7.179165,176.694,58.093512,139.236
7.161236,176.83,58.190159,138.426
7.143259,176.965,58.286846,137.618
7.125234,177.1,58.383571,136.812
7.107161,177.235,58.480336,136.007
7.08904,177.369,58.577139,135.204
7.070872,177.503,58.673981,134.402
7.052656,177.637,58.770862,133.603
7.034393,177.771,58.867782,132.805
7.016083,177.904,58.964741,132.009
6.997726,178.037,59.061738,131.214
6.979322,178.17,59.158774,130.422
6.960872,178.302,59.255848,129.631
6.942376,178.434,59.352961,128.841
6.923834,178.566,59.450112,128.054
6.905245,178.697,59.547302,127.269
6.886611,178.829,59.64453,126.485
6.867931,178.959,59.741796,125.703
6.849206,179.09,59.839101,124.922
6.830436,179.22,59.936444,124.144
6.811621,179.35,60.033824,123.368
6.79276,179.48,60.131243,122.593
6.773855,179.609,60.2287,121.82
6.754906,179.738,60.326194,121.049
6.735912,179.867,60.423727,120.28
6.716874,179.996,60.521297,119.512
6.697792,180.124,60.618905,118.747
6.678666,180.252,60.716551,117.983
6.659497,180.379,60.814234,117.222
6.640284,180.506,60.911955,116.462
6.621028,180.633,61.009713,115.704
6.601729,180.76,61.107509,114.948
6.582387,180.886,61.205342,114.194
6.563002,181.012,61.303212,113.441
6.543574,181.137,61.40112,112.691
6.524104,181.263,61.499065,111.943
6.504592,181.388,61.597046,111.196
6.485038,181.512,61.695065,110.452
6.465442,181.636,61.793121,109.71
6.445805,181.76,61.891213,108.969
6.426125,181.884,61.989343,108.231
6.406405,182.007,62.087509,107.494
6.386643,182.13,62.185711,106.759
6.36684,182.253,62.283951,106.027
6.346997,182.375,62.382227,105.296
6.327112,182.497,62.480539,104.568
6.307188,182.619,62.578887,103.841
6.287223,182.74,62.677272,103.117
6.267217,182.861,62.775693,102.394
6.247172,182.982,62.874151,101.674
6.227087,183.102,62.972644,100.955
6.206963,183.222,63.071173,100.239
6.186799,183.341,63.169738,99.5245
6.166595,183.46,63.268339,98.8122
6.146353,183.579,63.366976,98.102
6.126072,183.698,63.465648,97.3939
6.105751,183.816,63.564356,96.6879
6.085393,183.934,63.6631,95.984
6.064996,184.051,63.761879,95.2822
6.04456,184.168,63.860693,94.5825
6.024087,184.285,63.959543,93.8849
6.003575,184.402,64.058428,93.1894
5.983026,184.518,64.157348,92.496
5.962439,184.633,64.256303,91.8048
5.941815,184.749,64.355292,91.1157
5.921154,184.864,64.454317,90.4288
5.900455,184.978,64.553377,89.744
5.87972,185.093,64.652471,89.0614
5.858947,185.207,64.7516,88.381
5.838139,185.32,64.850763,87.7027
5.817293,185.433,64.949961,87.0266
5.796412,185.546,65.049193,86.3527
5.775495,185.658,65.148459,85.681
5.754541,185.771,65.24776,85.0115
5.733552,185.882,65.347094,84.3442
5.712527,185.994,65.446463,83.6791
5.691467,186.104,65.545865,83.0162
5.670372,186.215,65.645302,82.3556
5.649242,186.325,65.744772,81.6972
5.628076,186.435,65.844275,81.041
5.606876,186.545,65.943812,80.3871
5.585641,186.654,66.043383,79.7355
5.564372,186.762,66.142987,79.0861
5.543069,186.871,66.242624,78.4389
5.521732,186.979,66.342295,77.7941
5.50036,187.086,66.441998,77.1515
5.478955,187.193,66.541734,76.5112
5.457516,187.3,66.641504,75.8732
5.436044,187.407,66.741306,75.2375
5.414539,187.513,66.84114,74.6041
5.393,187.618,66.941008,73.973
5.371429,187.723,67.040908,73.3443
5.349825,187.828,67.14084,72.7178
5.328188,187.933,67.240804,72.0937
5.306519,188.037,67.340801,71.4719
5.284817,188.14,67.44083,70.8525
5.263083,188.244,67.54089,70.2354
5.241318,188.347,67.640983,69.6206
5.21952,188.449,67.741107,69.0083
5.197691,188.551,67.841263,68.3983
5.17583,188.653,67.941451,67.7906
5.153938,188.754,68.04167,67.1854
5.132015,188.855,68.141921,66.5825
5.110061,188.956,68.242202,65.982
5.088076,189.056,68.342515,65.3839
5.066061,189.156,68.442859,64.7882
5.044014,189.255,68.543234,64.1949
5.021938,189.354,68.64364,63.6041
4.999831,189.452,68.744076,63.0156
4.977694,189.55,68.844543,62.4296
4.955528,189.648,68.945041,61.846
4.933331,189.745,69.045569,61.2648
4.911105,189.842,69.146127,60.6861
4.88885,189.939,69.246716,60.1099
4.866565,190.035,69.347335,59.5361
4.844252,190.13,69.447983,58.9647
4.821909,190.226,69.548662,58.3958
4.799538,190.32,69.64937,57.8294
4.777138,190.415,69.750108,57.2655
4.754709,190.509,69.850875,56.704
4.732252,190.602,69.951672,56.145
4.709767,190.695,70.052498,55.5886
4.687255,190.788,70.153353,55.0346
4.664714,190.88,70.254237,54.4831
4.642145,190.972,70.355151,53.9341
4.619549,191.064,70.456093,53.3877
4.596926,191.155,70.557064,52.8438
4.574275,191.245,70.658063,52.3024
4.551598,191.336,70.759091,51.7635
4.528893,191.425,70.860147,51.2272
4.506162,191.515,70.961232,50.6934
4.483404,191.604,71.062345,50.1621
4.46062,191.692,71.163485,49.6334
4.43781,191.78,71.264654,49.1073
4.414973,191.868,71.36585,48.5837
4.39211,191.955,71.467074,48.0627
4.369222,192.042,71.568326,47.5443
4.346308,192.128,71.669605,47.0284
4.323368,192.214,71.770911,46.5151
4.300403,192.3,71.872244,46.0044
4.277413,192.385,71.973605,45.4963
4.254398,192.469,72.074992,44.9909
4.231358,192.553,72.176406,44.488
4.208293,192.637,72.277847,43.9877
4.185204,192.721,72.379315,43.49
4.16209,192.803,72.480808,42.995
4.138952,192.886,72.582329,42.5025
4.115789,192.968,72.683875,42.0127
4.092603,193.049,72.785447,41.5256
4.069393,193.13,72.887045,41.041
4.046159,193.211,72.988669,40.5591
4.022902,193.291,73.090319,40.0799
3.999622,193.371,73.191994,39.6033
3.976318,193.45,73.293695,39.1294
3.952991,193.529,73.395421,38.6581
3.929641,193.608,73.497172,38.1895
3.906269,193.686,73.598948,37.7235
3.882874,193.763,73.700749,37.2603
3.859456,193.84,73.802574,36.7997
3.836016,193.917,73.904425,36.3418
3.812554,193.993,74.006299,35.8866
3.78907,194.069,74.108199,35.4341
3.765564,194.144,74.210122,34.9842
3.742036,194.219,74.312069,34.5371
3.718487,194.293,74.414041,34.0927
3.694916,194.367,74.516036,33.651
3.671324,194.441,74.618055,33.212
3.647711,194.514,74.720097,32.7757
3.624077,194.586,74.822163,32.3422
3.600423,194.659,74.924252,31.9114
3.576747,194.73,75.026364,31.4833
3.553051,194.801,75.1285,31.0579
3.529335,194.872,75.230658,30.6353
3.505598,194.942,75.332839,30.2155
3.481842,195.012,75.435042,29.7984
3.458065,195.082,75.537268,29.384
3.434269,195.151,75.639516,28.9724
3.410453,195.219,75.741787,28.5636
3.386617,195.287,75.844079,28.1575
3.362763,195.354,75.946393,27.7542
3.338889,195.421,76.048729,27.3536
3.314996,195.488,76.151087,26.9559
3.291084,195.554,76.253466,26.5609
3.267153,195.62,76.355867,26.1687
3.243204,195.685,76.458288,25.7793
3.219236,195.75,76.560731,25.3927
3.19525,195.814,76.663195,25.0089
3.171246,195.878,76.765679,24.6279
3.147224,195.941,76.868184,24.2497
3.123184,196.004,76.970709,23.8743
3.099127,196.066,77.073255,23.5017
3.075051,196.128,77.175821,23.1319
3.050959,196.19,77.278407,22.7649
3.026849,196.25,77.381013,22.4008
3.002722,196.311,77.483638,22.0395
2.978577,196.371,77.586284,21.681
2.954416,196.43,77.688948,21.3254
2.930239,196.49,77.791632,20.9726
2.906045,196.548,77.894335,20.6226
2.881834,196.606,77.997057,20.2755
2.857607,196.664,78.099798,19.9312
2.833364,196.721,78.202558,19.5898
2.809105,196.778,78.305336,19.2512
2.784831,196.834,78.408133,18.9155
2.76054,196.89,78.510948,18.5827
2.736234,196.945,78.613781,18.2527
2.711913,197,78.716632,17.9255
2.687576,197.054,78.8195,17.6013
2.663224,197.108,78.922387,17.2799
2.638858,197.161,79.025291,16.9614
2.614476,197.214,79.128212,16.6458
2.59008,197.266,79.231151,16.333
2.565669,197.318,79.334106,16.0232
2.541244,197.369,79.437079,15.7162
2.516805,197.42,79.540068,15.4121
2.492351,197.471,79.643074,15.111
2.467884,197.521,79.746096,14.8127
2.443402,197.57,79.849134,14.5173
2.418907,197.619,79.952189,14.2248
2.394399,197.667,80.05526,13.9353
2.369877,197.715,80.158346,13.6486
2.345342,197.763,80.261448,13.3649
2.320794,197.81,80.364566,13.084
2.296233,197.856,80.467699,12.8061
2.271659,197.902,80.570847,12.5311
2.247072,197.948,80.67401,12.2591
2.222473,197.993,80.777188,11.9899
2.197861,198.038,80.880381,11.7237
2.173237,198.082,80.983589,11.4604
2.148601,198.125,81.086811,11.2001
2.123953,198.168,81.190047,10.9427
2.099294,198.211,81.293297,10.6882
2.074622,198.253,81.396561,10.4367
2.049939,198.295,81.499839,10.1881
2.025245,198.336,81.603131,9.94243
2.000539,198.376,81.706436,9.69974
1.975823,198.417,81.809754,9.46
1.951095,198.456,81.913085,9.22321
1.926356,198.495,82.01643,8.98938
1.901607,198.534,82.119787,8.75851
1.876847,198.572,82.223157,8.5306
1.852077,198.61,82.32654,8.30565
1.827297,198.647,82.429934,8.08367
1.802506,198.684,82.533341,7.86466
1.777705,198.72,82.63676,7.64861
1.752895,198.755,82.740191,7.43554
1.728075,198.791,82.843634,7.22544
1.703245,198.825,82.947088,7.01831
1.678406,198.859,83.050554,6.81417
1.653557,198.893,83.15403,6.613
1.6287,198.926,83.257518,6.41482
1.603833,198.959,83.361017,6.21962
1.578958,198.991,83.464526,6.0274
1.554073,199.023,83.568046,5.83817
1.52918,199.054,83.671576,5.65194
1.504279,199.085,83.775117,5.46869
1.47937,199.115,83.878668,5.28844
1.454452,199.144,83.982228,5.11118
1.429526,199.174,84.085799,4.93692
1.404593,199.202,84.189378,4.76566
1.379651,199.23,84.292968,4.59739
1.354702,199.258,84.396566,4.43213
1.329746,199.285,84.500174,4.26988
1.304782,199.312,84.603791,4.11062
1.279811,199.338,84.707416,3.95438
1.254833,199.364,84.81105,3.80114
1.229848,199.389,84.914692,3.65091
1.204856,199.414,85.018343,3.5037
1.179858,199.438,85.122001,3.35949
1.154853,199.461,85.225668,3.2183
1.129841,199.484,85.329342,3.08013
1.104824,199.507,85.433024,2.94497
1.0798,199.529,85.536714,2.81283
1.054771,199.551,85.64041,2.68371
1.029736,199.572,85.744114,2.55761
1.004695,199.592,85.847825,2.43453
0.979648,199.613,85.951542,2.31448
0.954596,199.632,86.055266,2.19745
0.929539,199.651,86.158997,2.08344
0.904477,199.67,86.262733,1.97246
0.87941,199.688,86.366476,1.86451
0.854338,199.705,86.470225,1.75959
0.829261,199.723,86.573979,1.6577
0.80418,199.739,86.677739,1.55884
0.779094,199.755,86.781505,1.46301
0.754004,199.771,86.885276,1.37021
0.72891,199.786,86.989051,1.28045
0.703812,199.8,87.092832,1.19372
0.67871,199.814,87.196617,1.11003
0.653604,199.828,87.300407,1.02937
0.628495,199.841,87.404202,0.951752
0.603382,199.853,87.508001,0.87717
0.578266,199.865,87.611803,0.805627
0.553147,199.877,87.71561,0.737122
0.528024,199.888,87.81942,0.671658
0.502899,199.898,87.923234,0.609234
0.477771,199.908,88.027052,0.549852
0.452641,199.917,88.130872,0.493511
0.427508,199.926,88.234696,0.440212
0.402372,199.935,88.338522,0.389956
0.377235,199.943,88.442351,0.342744
0.352095,199.95,88.546183,0.298575
0.326953,199.957,88.650017,0.25745
0.30181,199.963,88.753854,0.21937
0.276665,199.969,88.857692,0.184336
0.251519,199.974,88.961532,0.152346
0.226371,199.979,89.065374,0.123402
0.201221,199.984,89.169218,0.0975044
0.176071,199.988,89.273062,0.0746527
0.15092,199.991,89.376908,0.0548475
0.125768,199.994,89.480756,0.0380889
0.100615,199.996,89.584603,0.0243771
0.075462,199.998,89.688452,0.0137122
0.050308,199.999,89.792301,0.00609433
0.025154,200,89.89615,0.00152359
0,200,90,3.74E-13
