A_p,CM angle
0.0397165,179.91
0.0794329,179.82
0.119149,179.73
0.158866,179.64
0.198583,179.55
0.238299,179.46
0.278016,179.37
0.317733,179.28
0.357449,179.19
0.397166,179.1
0.436883,179.01
0.476601,178.92
0.516318,178.83
0.556035,178.74
0.595753,178.65
0.635471,178.56
0.675189,178.47
0.714907,178.38
0.754625,178.29
0.794344,178.2
0.834062,178.11
0.873781,178.02
0.913501,177.93
0.95322,177.84
0.99294,177.75
1.03266,177.66
1.07238,177.57
1.1121,177.48
1.15182,177.39
1.19154,177.3
1.23126,177.21
1.27099,177.12
1.31071,177.03
1.35043,176.94
1.39015,176.85
1.42988,176.76
1.4696,176.67
1.50932,176.58
1.54905,176.49
1.58877,176.4
1.6285,176.31
1.66822,176.22
1.70795,176.13
1.74768,176.04
1.78741,175.95
1.82713,175.86
1.86686,175.77
1.90659,175.68
1.94632,175.59
1.98605,175.5
2.02578,175.41
2.06551,175.32
2.10524,175.23
2.14497,175.14
2.18471,175.05
2.22444,174.96
2.26417,174.87
2.30391,174.78
2.34364,174.69
2.38338,174.6
2.42311,174.51
2.46285,174.42
2.50259,174.33
2.54233,174.24
2.58207,174.15
2.62181,174.06
2.66155,173.97
2.70129,173.88
2.74103,173.79
2.78077,173.7
2.82051,173.61
2.86026,173.52
2.9,173.43
2.93975,173.34
2.9795,173.25
3.01924,173.16
3.05899,173.07
3.09874,172.98
3.13849,172.89
3.17824,172.8
3.21799,172.71
3.25774,172.62
3.2975,172.53
3.33725,172.44
3.37701,172.35
3.41676,172.26
3.45652,172.17
3.49628,172.08
3.53604,171.99
3.5758,171.9
3.61556,171.81
3.65532,171.72
3.69508,171.63
3.73485,171.54
3.77461,171.45
3.81438,171.36
3.85414,171.27
3.89391,171.18
3.93368,171.09
3.97345,171
4.01322,170.91
4.05299,170.82
4.09277,170.73
4.13254,170.64
4.17232,170.55
4.21209,170.46
4.25187,170.37
4.29165,170.28
4.33143,170.19
4.37121,170.1
4.41099,170.01
4.45078,169.92
4.49056,169.83
4.53035,169.74
4.57014,169.65
4.60993,169.56
4.64972,169.47
4.68951,169.38
4.7293,169.29
4.76909,169.2
4.80889,169.11
4.84868,169.02
4.88848,168.93
4.92828,168.84
4.96808,168.75
5.00788,168.66
5.04769,168.57
5.08749,168.48
5.1273,168.39
5.1671,168.3
5.20691,168.21
5.24672,168.12
5.28653,168.03
5.32635,167.94
5.36616,167.85
5.40598,167.76
5.44579,167.67
5.48561,167.58
5.52543,167.49
5.56525,167.4
5.60508,167.31
5.6449,167.22
5.68473,167.13
5.72456,167.04
5.76439,166.95
5.80422,166.86
5.84405,166.77
5.88388,166.68
5.92372,166.59
5.96356,166.5
6.00339,166.41
6.04323,166.32
6.08308,166.23
6.12292,166.14
6.16277,166.05
6.20261,165.96
6.24246,165.87
6.28231,165.78
6.32217,165.69
6.36202,165.6
6.40188,165.51
6.44173,165.42
6.48159,165.33
6.52145,165.24
6.56132,165.15
6.60118,165.06
6.64105,164.97
6.68091,164.88
6.72078,164.79
6.76066,164.7
6.80053,164.61
6.8404,164.52
6.88028,164.43
6.92016,164.34
6.96004,164.25
6.99992,164.16
7.03981,164.07
7.0797,163.98
7.11959,163.89
7.15948,163.8
7.19937,163.71
7.23926,163.62
7.27916,163.53
7.31906,163.44
7.35896,163.35
7.39886,163.26
7.43877,163.17
7.47867,163.08
7.51858,162.99
7.55849,162.9
7.5984,162.81
7.63832,162.72
7.67823,162.63
7.71815,162.54
7.75807,162.45
7.798,162.36
7.83792,162.27
7.87785,162.18
7.91778,162.09
7.95771,162
7.99764,161.91
8.03758,161.82
8.07752,161.73
8.11746,161.64
8.1574,161.55
8.19734,161.46
8.23729,161.37
8.27724,161.28
8.31719,161.19
8.35714,161.1
8.3971,161.01
8.43706,160.92
8.47702,160.83
8.51698,160.74
8.55694,160.65
8.59691,160.56
8.63688,160.47
8.67685,160.38
8.71683,160.29
8.7568,160.2
8.79678,160.11
8.83676,160.02
8.87675,159.93
8.91673,159.84
8.95672,159.75
8.99671,159.66
9.03671,159.57
9.0767,159.48
9.1167,159.39
9.1567,159.3
9.1967,159.21
9.23671,159.12
9.27672,159.03
9.31673,158.94
9.35674,158.85
9.39675,158.76
9.43677,158.67
9.47679,158.58
9.51682,158.49
9.55684,158.4
9.59687,158.31
9.6369,158.22
9.67694,158.13
9.71697,158.04
9.75701,157.95
9.79705,157.86
9.8371,157.77
9.87714,157.68
9.91719,157.59
9.95724,157.5
9.9973,157.41
10.0374,157.32
10.0774,157.23
10.1175,157.14
10.1575,157.05
10.1976,156.96
10.2377,156.87
10.2778,156.78
10.3178,156.69
10.3579,156.6
10.398,156.51
10.4381,156.42
10.4782,156.33
10.5183,156.24
10.5584,156.15
10.5985,156.06
10.6386,155.97
10.6787,155.88
10.7188,155.79
10.7589,155.7
10.799,155.61
10.8391,155.52
10.8792,155.43
10.9193,155.34
10.9594,155.25
10.9996,155.16
11.0397,155.07
11.0798,154.98
11.12,154.89
11.1601,154.8
11.2002,154.71
11.2404,154.62
11.2805,154.53
11.3207,154.44
11.3608,154.35
11.401,154.26
11.4411,154.17
11.4813,154.08
11.5215,153.99
11.5616,153.9
11.6018,153.81
11.642,153.72
11.6822,153.63
11.7223,153.54
11.7625,153.45
11.8027,153.36
11.8429,153.27
11.8831,153.18
11.9233,153.09
11.9635,153
12.0037,152.91
12.0439,152.82
12.0841,152.73
12.1243,152.64
12.1645,152.55
12.2048,152.46
12.245,152.37
12.2852,152.28
12.3254,152.19
12.3657,152.1
12.4059,152.01
12.4461,151.92
12.4864,151.83
12.5266,151.74
12.5669,151.65
12.6071,151.56
12.6474,151.47
12.6876,151.38
12.7279,151.29
12.7682,151.2
12.8084,151.11
12.8487,151.02
12.889,150.93
12.9293,150.84
12.9695,150.75
13.0098,150.66
13.0501,150.57
13.0904,150.48
13.1307,150.39
13.171,150.3
13.2113,150.21
13.2516,150.12
13.2919,150.03
13.3322,149.94
13.3726,149.85
13.4129,149.76
13.4532,149.67
13.4935,149.58
13.5339,149.49
13.5742,149.4
13.6145,149.31
13.6549,149.22
13.6952,149.13
13.7356,149.04
13.7759,148.95
13.8163,148.86
13.8566,148.77
13.897,148.68
13.9374,148.59
13.9777,148.5
14.0181,148.41
14.0585,148.32
14.0989,148.23
14.1393,148.14
14.1797,148.05
14.2201,147.96
14.2605,147.87
14.3009,147.78
14.3413,147.69
14.3817,147.6
14.4221,147.51
14.4625,147.42
14.5029,147.33
14.5434,147.24
14.5838,147.15
14.6242,147.06
14.6647,146.97
14.7051,146.88
14.7455,146.79
14.786,146.7
14.8264,146.61
14.8669,146.52
14.9074,146.43
14.9478,146.34
14.9883,146.25
15.0288,146.16
15.0692,146.07
15.1097,145.98
15.1502,145.89
15.1907,145.8
15.2312,145.71
15.2717,145.62
15.3122,145.53
15.3527,145.44
15.3932,145.35
15.4337,145.26
15.4742,145.17
15.5147,145.08
15.5553,144.99
15.5958,144.9
15.6363,144.81
15.6769,144.72
15.7174,144.63
15.758,144.54
15.7985,144.45
15.8391,144.36
15.8796,144.27
15.9202,144.18
15.9607,144.09
16.0013,144
16.0419,143.91
16.0825,143.82
16.1231,143.73
16.1636,143.64
16.2042,143.55
16.2448,143.46
16.2854,143.37
16.326,143.28
16.3666,143.19
16.4073,143.1
16.4479,143.01
16.4885,142.92
16.5291,142.83
16.5698,142.74
16.6104,142.65
16.651,142.56
16.6917,142.47
16.7323,142.38
16.773,142.29
16.8136,142.2
16.8543,142.11
16.895,142.02
16.9356,141.93
16.9763,141.84
17.017,141.75
17.0577,141.66
17.0984,141.57
17.139,141.48
17.1797,141.39
17.2204,141.3
17.2612,141.21
17.3019,141.12
17.3426,141.03
17.3833,140.94
17.424,140.85
17.4648,140.76
17.5055,140.67
17.5462,140.58
17.587,140.49
17.6277,140.4
17.6685,140.31
17.7092,140.22
17.75,140.13
17.7908,140.04
17.8315,139.95
17.8723,139.86
17.9131,139.77
17.9539,139.68
17.9947,139.59
18.0355,139.5
18.0763,139.41
18.1171,139.32
18.1579,139.23
18.1987,139.14
18.2395,139.05
18.2803,138.96
18.3211,138.87
18.362,138.78
18.4028,138.69
18.4437,138.6
18.4845,138.51
18.5254,138.42
18.5662,138.33
18.6071,138.24
18.6479,138.15
18.6888,138.06
18.7297,137.97
18.7706,137.88
18.8115,137.79
18.8523,137.7
18.8932,137.61
18.9341,137.52
18.975,137.43
19.016,137.34
19.0569,137.25
19.0978,137.16
19.1387,137.07
19.1796,136.98
19.2206,136.89
19.2615,136.8
19.3025,136.71
19.3434,136.62
19.3844,136.53
19.4253,136.44
19.4663,136.35
19.5073,136.26
19.5482,136.17
19.5892,136.08
19.6302,135.99
19.6712,135.9
19.7122,135.81
19.7532,135.72
19.7942,135.63
19.8352,135.54
19.8762,135.45
19.9173,135.36
19.9583,135.27
19.9993,135.18
20.0404,135.09
20.0814,135
20.1224,134.91
20.1635,134.82
20.2046,134.73
20.2456,134.64
20.2867,134.55
20.3278,134.46
20.3688,134.37
20.4099,134.28
20.451,134.19
20.4921,134.1
20.5332,134.01
20.5743,133.92
20.6154,133.83
20.6565,133.74
20.6977,133.65
20.7388,133.56
20.7799,133.47
20.8211,133.38
20.8622,133.29
20.9034,133.2
20.9445,133.11
20.9857,133.02
21.0268,132.93
21.068,132.84
21.1092,132.75
21.1504,132.66
21.1915,132.57
21.2327,132.48
21.2739,132.39
21.3151,132.3
21.3563,132.21
21.3976,132.12
21.4388,132.03
21.48,131.94
21.5212,131.85
21.5625,131.76
21.6037,131.67
21.645,131.58
21.6862,131.49
21.7275,131.4
21.7687,131.31
21.81,131.22
21.8513,131.13
21.8926,131.04
21.9338,130.95
21.9751,130.86
22.0164,130.77
22.0577,130.68
22.099,130.59
22.1404,130.5
22.1817,130.41
22.223,130.32
22.2643,130.23
22.3057,130.14
22.347,130.05
22.3884,129.96
22.4297,129.87
22.4711,129.78
22.5124,129.69
22.5538,129.6
22.5952,129.51
22.6366,129.42
22.678,129.33
22.7194,129.24
22.7608,129.15
22.8022,129.06
22.8436,128.97
22.885,128.88
22.9264,128.79
22.9678,128.7
23.0093,128.61
23.0507,128.52
23.0922,128.43
23.1336,128.34
23.1751,128.25
23.2165,128.16
23.258,128.07
23.2995,127.98
23.341,127.89
23.3825,127.8
23.424,127.71
23.4655,127.62
23.507,127.53
23.5485,127.44
23.59,127.35
23.6315,127.26
23.6731,127.17
23.7146,127.08
23.7561,126.99
23.7977,126.9
23.8392,126.81
23.8808,126.72
23.9224,126.63
23.9639,126.54
24.0055,126.45
24.0471,126.36
24.0887,126.27
24.1303,126.18
24.1719,126.09
24.2135,126
24.2551,125.91
24.2967,125.82
24.3384,125.73
24.38,125.64
24.4216,125.55
24.4633,125.46
24.5049,125.37
24.5466,125.28
24.5883,125.19
24.6299,125.1
24.6716,125.01
24.7133,124.92
24.755,124.83
24.7967,124.74
24.8384,124.65
24.8801,124.56
24.9218,124.47
24.9635,124.38
25.0052,124.29
25.047,124.2
25.0887,124.11
25.1305,124.02
25.1722,123.93
25.214,123.84
25.2557,123.75
25.2975,123.66
25.3393,123.57
25.3811,123.48
25.4229,123.39
25.4647,123.3
25.5065,123.21
25.5483,123.12
25.5901,123.03
25.6319,122.94
25.6737,122.85
25.7156,122.76
25.7574,122.67
25.7993,122.58
25.8411,122.49
25.883,122.4
25.9248,122.31
25.9667,122.22
26.0086,122.13
26.0505,122.04
26.0924,121.95
26.1343,121.86
26.1762,121.77
26.2181,121.68
26.26,121.59
26.3019,121.5
26.3439,121.41
26.3858,121.32
26.4278,121.23
26.4697,121.14
26.5117,121.05
26.5536,120.96
26.5956,120.87
26.6376,120.78
26.6796,120.69
26.7216,120.6
26.7636,120.51
26.8056,120.42
26.8476,120.33
26.8896,120.24
26.9316,120.15
26.9737,120.06
27.0157,119.97
27.0577,119.88
27.0998,119.79
27.1418,119.7
27.1839,119.61
27.226,119.52
27.2681,119.43
27.3102,119.34
27.3522,119.25
27.3943,119.16
27.4365,119.07
27.4786,118.98
27.5207,118.89
27.5628,118.8
27.6049,118.71
27.6471,118.62
27.6892,118.53
27.7314,118.44
27.7735,118.35
27.8157,118.26
27.8579,118.17
27.9001,118.08
27.9423,117.99
27.9844,117.9
28.0266,117.81
28.0689,117.72
28.1111,117.63
28.1533,117.54
28.1955,117.45
28.2378,117.36
28.28,117.27
28.3222,117.18
28.3645,117.09
28.4068,117
28.449,116.91
28.4913,116.82
28.5336,116.73
28.5759,116.64
28.6182,116.55
28.6605,116.46
28.7028,116.37
28.7451,116.28
28.7875,116.19
28.8298,116.1
28.8721,116.01
28.9145,115.92
28.9568,115.83
28.9992,115.74
29.0416,115.65
29.0839,115.56
29.1263,115.47
29.1687,115.38
29.2111,115.29
29.2535,115.2
29.2959,115.11
29.3383,115.02
29.3808,114.93
29.4232,114.84
29.4656,114.75
29.5081,114.66
29.5505,114.57
29.593,114.48
29.6355,114.39
29.6779,114.3
29.7204,114.21
29.7629,114.12
29.8054,114.03
29.8479,113.94
29.8904,113.85
29.9329,113.76
29.9755,113.67
30.018,113.58
30.0606,113.49
30.1031,113.4
30.1457,113.31
30.1882,113.22
30.2308,113.13
30.2734,113.04
30.3159,112.95
30.3585,112.86
30.4011,112.77
30.4437,112.68
30.4864,112.59
30.529,112.5
30.5716,112.41
30.6142,112.32
30.6569,112.23
30.6995,112.14
30.7422,112.05
30.7849,111.96
30.8275,111.87
30.8702,111.78
30.9129,111.69
30.9556,111.6
30.9983,111.51
31.041,111.42
31.0837,111.33
31.1264,111.24
31.1692,111.15
31.2119,111.06
31.2547,110.97
31.2974,110.88
31.3402,110.79
31.3829,110.7
31.4257,110.61
31.4685,110.52
31.5113,110.43
31.5541,110.34
31.5969,110.25
31.6397,110.16
31.6825,110.07
31.7254,109.98
31.7682,109.89
31.811,109.8
31.8539,109.71
31.8968,109.62
31.9396,109.53
31.9825,109.44
32.0254,109.35
32.0683,109.26
32.1112,109.17
32.1541,109.08
32.197,108.99
32.2399,108.9
32.2828,108.81
32.3258,108.72
32.3687,108.63
32.4117,108.54
32.4546,108.45
32.4976,108.36
32.5406,108.27
32.5835,108.18
32.6265,108.09
32.6695,108
32.7125,107.91
32.7555,107.82
32.7986,107.73
32.8416,107.64
32.8846,107.55
32.9277,107.46
32.9707,107.37
33.0138,107.28
33.0568,107.19
33.0999,107.1
33.143,107.01
33.1861,106.92
33.2292,106.83
33.2723,106.74
33.3154,106.65
33.3585,106.56
33.4016,106.47
33.4448,106.38
33.4879,106.29
33.5311,106.2
33.5742,106.11
33.6174,106.02
33.6606,105.93
33.7038,105.84
33.747,105.75
33.7901,105.66
33.8334,105.57
33.8766,105.48
33.9198,105.39
33.963,105.3
34.0063,105.21
34.0495,105.12
34.0928,105.03
34.136,104.94
34.1793,104.85
34.2226,104.76
34.2659,104.67
34.3091,104.58
34.3524,104.49
34.3958,104.4
34.4391,104.31
34.4824,104.22
34.5257,104.13
34.5691,104.04
34.6124,103.95
34.6558,103.86
34.6991,103.77
34.7425,103.68
34.7859,103.59
34.8293,103.5
34.8727,103.41
34.9161,103.32
34.9595,103.23
35.0029,103.14
35.0463,103.05
35.0898,102.96
35.1332,102.87
35.1767,102.78
35.2201,102.69
35.2636,102.6
35.3071,102.51
35.3506,102.42
35.3941,102.33
35.4376,102.24
35.4811,102.15
35.5246,102.06
35.5681,101.97
35.6116,101.88
35.6552,101.79
35.6987,101.7
35.7423,101.61
35.7859,101.52
35.8294,101.43
35.873,101.34
35.9166,101.25
35.9602,101.16
36.0038,101.07
36.0474,100.98
36.0911,100.89
36.1347,100.8
36.1783,100.71
36.222,100.62
36.2656,100.53
36.3093,100.44
36.353,100.35
36.3966,100.26
36.4403,100.17
36.484,100.08
36.5277,99.99
36.5714,99.9
36.6152,99.81
36.6589,99.72
36.7026,99.63
36.7464,99.54
36.7901,99.45
36.8339,99.36
36.8777,99.27
36.9215,99.18
36.9652,99.09
37.009,99
37.0528,98.91
37.0967,98.82
37.1405,98.73
37.1843,98.64
37.2281,98.55
37.272,98.46
37.3158,98.37
37.3597,98.28
37.4036,98.19
37.4474,98.1
37.4913,98.01
37.5352,97.92
37.5791,97.83
37.623,97.74
37.667,97.65
37.7109,97.56
37.7548,97.47
37.7988,97.38
37.8427,97.29
37.8867,97.2
37.9307,97.11
37.9746,97.02
38.0186,96.93
38.0626,96.84
38.1066,96.75
38.1506,96.66
38.1947,96.57
38.2387,96.48
38.2827,96.39
38.3268,96.3
38.3708,96.21
38.4149,96.12
38.459,96.03
38.5031,95.94
38.5471,95.85
38.5912,95.76
38.6353,95.67
38.6795,95.58
38.7236,95.49
38.7677,95.4
38.8119,95.31
38.856,95.22
38.9002,95.13
38.9443,95.04
38.9885,94.95
39.0327,94.86
39.0769,94.77
39.1211,94.68
39.1653,94.59
39.2095,94.5
39.2537,94.41
39.2979,94.32
39.3422,94.23
39.3864,94.14
39.4307,94.05
39.475,93.96
39.5192,93.87
39.5635,93.78
39.6078,93.69
39.6521,93.6
39.6964,93.51
39.7407,93.42
39.7851,93.33
39.8294,93.24
39.8738,93.15
39.9181,93.06
39.9625,92.97
40.0068,92.88
40.0512,92.79
40.0956,92.7
40.14,92.61
40.1844,92.52
40.2288,92.43
40.2732,92.34
40.3177,92.25
40.3621,92.16
40.4066,92.07
40.451,91.98
40.4955,91.89
40.5399,91.8
40.5844,91.71
40.6289,91.62
40.6734,91.53
40.7179,91.44
40.7624,91.35
40.807,91.26
40.8515,91.17
40.896,91.08
40.9406,90.99
40.9852,90.9
41.0297,90.81
41.0743,90.72
41.1189,90.63
41.1635,90.54
41.2081,90.45
41.2527,90.36
41.2973,90.27
41.342,90.18
41.3866,90.09
41.4312,90
41.4759,89.91
41.5206,89.82
41.5652,89.73
41.6099,89.64
41.6546,89.55
41.6993,89.46
41.744,89.37
41.7887,89.28
41.8335,89.19
41.8782,89.1
41.9229,89.01
41.9677,88.92
42.0124,88.83
42.0572,88.74
42.102,88.65
42.1468,88.56
42.1916,88.47
42.2364,88.38
42.2812,88.29
42.326,88.2
42.3708,88.11
42.4157,88.02
42.4605,87.93
42.5054,87.84
42.5503,87.75
42.5951,87.66
42.64,87.57
42.6849,87.48
42.7298,87.39
42.7747,87.3
42.8196,87.21
42.8646,87.12
42.9095,87.03
42.9544,86.94
42.9994,86.85
43.0444,86.76
43.0893,86.67
43.1343,86.58
43.1793,86.49
43.2243,86.4
43.2693,86.31
43.3143,86.22
43.3593,86.13
43.4044,86.04
43.4494,85.95
43.4945,85.86
43.5395,85.77
43.5846,85.68
43.6297,85.59
43.6748,85.5
43.7199,85.41
43.765,85.32
43.8101,85.23
43.8552,85.14
43.9003,85.05
43.9455,84.96
43.9906,84.87
44.0358,84.78
44.0809,84.69
44.1261,84.6
44.1713,84.51
44.2165,84.42
44.2617,84.33
44.3069,84.24
44.3521,84.15
44.3973,84.06
44.4426,83.97
44.4878,83.88
44.5331,83.79
44.5784,83.7
44.6236,83.61
44.6689,83.52
44.7142,83.43
44.7595,83.34
44.8048,83.25
44.8501,83.16
44.8955,83.07
44.9408,82.98
44.9861,82.89
45.0315,82.8
45.0768,82.71
45.1222,82.62
45.1676,82.53
45.213,82.44
45.2584,82.35
45.3038,82.26
45.3492,82.17
45.3946,82.08
45.4401,81.99
45.4855,81.9
45.531,81.81
45.5764,81.72
45.6219,81.63
45.6674,81.54
45.7129,81.45
45.7583,81.36
45.8039,81.27
45.8494,81.18
45.8949,81.09
45.9404,81
45.986,80.91
46.0315,80.82
46.0771,80.73
46.1226,80.64
46.1682,80.55
46.2138,80.46
46.2594,80.37
46.305,80.28
46.3506,80.19
46.3962,80.1
46.4419,80.01
46.4875,79.92
46.5332,79.83
46.5788,79.74
46.6245,79.65
46.6701,79.56
46.7158,79.47
46.7615,79.38
46.8072,79.29
46.8529,79.2
46.8987,79.11
46.9444,79.02
46.9901,78.93
47.0359,78.84
47.0816,78.75
47.1274,78.66
47.1732,78.57
47.219,78.48
47.2647,78.39
47.3105,78.3
47.3564,78.21
47.4022,78.12
47.448,78.03
47.4938,77.94
47.5397,77.85
47.5855,77.76
47.6314,77.67
47.6773,77.58
47.7232,77.49
47.769,77.4
47.815,77.31
47.8609,77.22
47.9068,77.13
47.9527,77.04
47.9986,76.95
48.0446,76.86
48.0905,76.77
48.1365,76.68
48.1825,76.59
48.2285,76.5
48.2744,76.41
48.3204,76.32
48.3665,76.23
48.4125,76.14
48.4585,76.05
48.5045,75.96
48.5506,75.87
48.5966,75.78
48.6427,75.69
48.6888,75.6
48.7348,75.51
48.7809,75.42
48.827,75.33
48.8731,75.24
48.9192,75.15
48.9654,75.06
49.0115,74.97
49.0576,74.88
49.1038,74.79
49.15,74.7
49.1961,74.61
49.2423,74.52
49.2885,74.43
49.3347,74.34
49.3809,74.25
49.4271,74.16
49.4733,74.07
49.5196,73.98
49.5658,73.89
49.612,73.8
49.6583,73.71
49.7046,73.62
49.7509,73.53
49.7971,73.44
49.8434,73.35
49.8897,73.26
49.9361,73.17
49.9824,73.08
50.0287,72.99
50.075,72.9
50.1214,72.81
50.1678,72.72
50.2141,72.63
50.2605,72.54
50.3069,72.45
50.3533,72.36
50.3997,72.27
50.4461,72.18
50.4925,72.09
50.5389,72
50.5854,71.91
50.6318,71.82
50.6783,71.73
50.7247,71.64
50.7712,71.55
50.8177,71.46
50.8642,71.37
50.9107,71.28
50.9572,71.19
51.0037,71.1
51.0503,71.01
51.0968,70.92
51.1433,70.83
51.1899,70.74
51.2365,70.65
51.283,70.56
51.3296,70.47
51.3762,70.38
51.4228,70.29
51.4694,70.2
51.516,70.11
51.5627,70.02
51.6093,69.93
51.6559,69.84
51.7026,69.75
51.7493,69.66
51.7959,69.57
51.8426,69.48
51.8893,69.39
51.936,69.3
51.9827,69.21
52.0294,69.12
52.0761,69.03
52.1229,68.94
52.1696,68.85
52.2164,68.76
52.2631,68.67
52.3099,68.58
52.3567,68.49
52.4035,68.4
52.4503,68.31
52.4971,68.22
52.5439,68.13
52.5907,68.04
52.6375,67.95
52.6844,67.86
52.7312,67.77
52.7781,67.68
52.8249,67.59
52.8718,67.5
52.9187,67.41
52.9656,67.32
53.0125,67.23
53.0594,67.14
53.1063,67.05
53.1533,66.96
53.2002,66.87
53.2471,66.78
53.2941,66.69
53.3411,66.6
53.388,66.51
53.435,66.42
53.482,66.33
53.529,66.24
53.576,66.15
53.623,66.06
53.6701,65.97
53.7171,65.88
53.7642,65.79
53.8112,65.7
53.8583,65.61
53.9053,65.52
53.9524,65.43
53.9995,65.34
54.0466,65.25
54.0937,65.16
54.1408,65.07
54.1879,64.98
54.2351,64.89
54.2822,64.8
54.3294,64.71
54.3765,64.62
54.4237,64.53
54.4709,64.44
54.5181,64.35
54.5652,64.26
54.6125,64.17
54.6597,64.08
54.7069,63.99
54.7541,63.9
54.8014,63.81
54.8486,63.72
54.8959,63.63
54.9431,63.54
54.9904,63.45
55.0377,63.36
55.085,63.27
55.1323,63.18
55.1796,63.09
55.2269,63
55.2742,62.91
55.3215,62.82
55.3689,62.73
55.4162,62.64
55.4636,62.55
55.511,62.46
55.5583,62.37
55.6057,62.28
55.6531,62.19
55.7005,62.1
55.7479,62.01
55.7954,61.92
55.8428,61.83
55.8902,61.74
55.9377,61.65
55.9851,61.56
56.0326,61.47
56.0801,61.38
56.1275,61.29
56.175,61.2
56.2225,61.11
56.27,61.02
56.3176,60.93
56.3651,60.84
56.4126,60.75
56.4601,60.66
56.5077,60.57
56.5553,60.48
56.6028,60.39
56.6504,60.3
56.698,60.21
56.7456,60.12
56.7932,60.03
56.8408,59.94
56.8884,59.85
56.936,59.76
56.9837,59.67
57.0313,59.58
57.079,59.49
57.1266,59.4
57.1743,59.31
57.222,59.22
57.2697,59.13
57.3174,59.04
57.3651,58.95
57.4128,58.86
57.4605,58.77
57.5082,58.68
57.556,58.59
57.6037,58.5
57.6515,58.41
57.6992,58.32
57.747,58.23
57.7948,58.14
57.8426,58.05
57.8904,57.96
57.9382,57.87
57.986,57.78
58.0338,57.69
58.0817,57.6
58.1295,57.51
58.1773,57.42
58.2252,57.33
58.2731,57.24
58.321,57.15
58.3688,57.06
58.4167,56.97
58.4646,56.88
58.5125,56.79
58.5604,56.7
58.6084,56.61
58.6563,56.52
58.7042,56.43
58.7522,56.34
58.8002,56.25
58.8481,56.16
58.8961,56.07
58.9441,55.98
58.9921,55.89
59.0401,55.8
59.0881,55.71
59.1361,55.62
59.1841,55.53
59.2321,55.44
59.2802,55.35
59.3282,55.26
59.3763,55.17
59.4244,55.08
59.4724,54.99
59.5205,54.9
59.5686,54.81
59.6167,54.72
59.6648,54.63
59.7129,54.54
59.7611,54.45
59.8092,54.36
59.8573,54.27
59.9055,54.18
59.9536,54.09
60.0018,54
60.05,53.91
60.0982,53.82
60.1463,53.73
60.1945,53.64
60.2428,53.55
60.291,53.46
60.3392,53.37
60.3874,53.28
60.4357,53.19
60.4839,53.1
60.5322,53.01
60.5804,52.92
60.6287,52.83
60.677,52.74
60.7253,52.65
60.7736,52.56
60.8219,52.47
60.8702,52.38
60.9185,52.29
60.9668,52.2
61.0152,52.11
61.0635,52.02
61.1119,51.93
61.1602,51.84
61.2086,51.75
61.257,51.66
61.3053,51.57
61.3537,51.48
61.4021,51.39
61.4505,51.3
61.499,51.21
61.5474,51.12
61.5958,51.03
61.6443,50.94
61.6927,50.85
61.7412,50.76
61.7896,50.67
61.8381,50.58
61.8866,50.49
61.9351,50.4
61.9836,50.31
62.0321,50.22
62.0806,50.13
62.1291,50.04
62.1776,49.95
62.2262,49.86
62.2747,49.77
62.3232,49.68
62.3718,49.59
62.4204,49.5
62.469,49.41
62.5175,49.32
62.5661,49.23
62.6147,49.14
62.6633,49.05
62.7119,48.96
62.7606,48.87
62.8092,48.78
62.8578,48.69
62.9065,48.6
62.9551,48.51
63.0038,48.42
63.0525,48.33
63.1011,48.24
63.1498,48.15
63.1985,48.06
63.2472,47.97
63.2959,47.88
63.3446,47.79
63.3933,47.7
63.4421,47.61
63.4908,47.52
63.5396,47.43
63.5883,47.34
63.6371,47.25
63.6858,47.16
63.7346,47.07
63.7834,46.98
63.8322,46.89
63.881,46.8
63.9298,46.71
63.9786,46.62
64.0274,46.53
64.0763,46.44
64.1251,46.35
64.1739,46.26
64.2228,46.17
64.2716,46.08
64.3205,45.99
64.3694,45.9
64.4183,45.81
64.4672,45.72
64.5161,45.63
64.565,45.54
64.6139,45.45
64.6628,45.36
64.7117,45.27
64.7606,45.18
64.8096,45.09
64.8585,45
64.9075,44.91
64.9565,44.82
65.0054,44.73
65.0544,44.64
65.1034,44.55
65.1524,44.46
65.2014,44.37
65.2504,44.28
65.2994,44.19
65.3484,44.1
65.3975,44.01
65.4465,43.92
65.4955,43.83
65.5446,43.74
65.5936,43.65
65.6427,43.56
65.6918,43.47
65.7409,43.38
65.79,43.29
65.839,43.2
65.8882,43.11
65.9373,43.02
65.9864,42.93
66.0355,42.84
66.0846,42.75
66.1338,42.66
66.1829,42.57
66.2321,42.48
66.2812,42.39
66.3304,42.3
66.3796,42.21
66.4287,42.12
66.4779,42.03
66.5271,41.94
66.5763,41.85
66.6255,41.76
66.6748,41.67
66.724,41.58
66.7732,41.49
66.8224,41.4
66.8717,41.31
66.9209,41.22
66.9702,41.13
67.0195,41.04
67.0687,40.95
67.118,40.86
67.1673,40.77
67.2166,40.68
67.2659,40.59
67.3152,40.5
67.3645,40.41
67.4138,40.32
67.4632,40.23
67.5125,40.14
67.5618,40.05
67.6112,39.96
67.6605,39.87
67.7099,39.78
67.7593,39.69
67.8086,39.6
67.858,39.51
67.9074,39.42
67.9568,39.33
68.0062,39.24
68.0556,39.15
68.105,39.06
68.1545,38.97
68.2039,38.88
68.2533,38.79
68.3028,38.7
68.3522,38.61
68.4017,38.52
68.4511,38.43
68.5006,38.34
68.5501,38.25
68.5996,38.16
68.6491,38.07
68.6985,37.98
68.7481,37.89
68.7976,37.8
68.8471,37.71
68.8966,37.62
68.9461,37.53
68.9957,37.44
69.0452,37.35
69.0948,37.26
69.1443,37.17
69.1939,37.08
69.2434,36.99
69.293,36.9
69.3426,36.81
69.3922,36.72
69.4418,36.63
69.4914,36.54
69.541,36.45
69.5906,36.36
69.6402,36.27
69.6898,36.18
69.7395,36.09
69.7891,36
69.8388,35.91
69.8884,35.82
69.9381,35.73
69.9877,35.64
70.0374,35.55
70.0871,35.46
70.1368,35.37
70.1864,35.28
70.2361,35.19
70.2858,35.1
70.3355,35.01
70.3853,34.92
70.435,34.83
70.4847,34.74
70.5344,34.65
70.5842,34.56
70.6339,34.47
70.6837,34.38
70.7334,34.29
70.7832,34.2
70.833,34.11
70.8827,34.02
70.9325,33.93
70.9823,33.84
71.0321,33.75
71.0819,33.66
71.1317,33.57
71.1815,33.48
71.2313,33.39
71.2811,33.3
71.331,33.21
71.3808,33.12
71.4306,33.03
71.4805,32.94
71.5303,32.85
71.5802,32.76
71.6301,32.67
71.6799,32.58
71.7298,32.49
71.7797,32.4
71.8296,32.31
71.8795,32.22
71.9294,32.13
71.9793,32.04
72.0292,31.95
72.0791,31.86
72.129,31.77
72.179,31.68
72.2289,31.59
72.2788,31.5
72.3288,31.41
72.3787,31.32
72.4287,31.23
72.4786,31.14
72.5286,31.05
72.5786,30.96
72.6286,30.87
72.6785,30.78
72.7285,30.69
72.7785,30.6
72.8285,30.51
72.8785,30.42
72.9286,30.33
72.9786,30.24
73.0286,30.15
73.0786,30.06
73.1287,29.97
73.1787,29.88
73.2287,29.79
73.2788,29.7
73.3289,29.61
73.3789,29.52
73.429,29.43
73.4791,29.34
73.5291,29.25
73.5792,29.16
73.6293,29.07
73.6794,28.98
73.7295,28.89
73.7796,28.8
73.8297,28.71
73.8798,28.62
73.9299,28.53
73.9801,28.44
74.0302,28.35
74.0803,28.26
74.1305,28.17
74.1806,28.08
74.2308,27.99
74.2809,27.9
74.3311,27.81
74.3813,27.72
74.4314,27.63
74.4816,27.54
74.5318,27.45
74.582,27.36
74.6322,27.27
74.6824,27.18
74.7326,27.09
74.7828,27
74.833,26.91
74.8832,26.82
74.9334,26.73
74.9837,26.64
75.0339,26.55
75.0841,26.46
75.1344,26.37
75.1846,26.28
75.2349,26.19
75.2851,26.1
75.3354,26.01
75.3857,25.92
75.4359,25.83
75.4862,25.74
75.5365,25.65
75.5868,25.56
75.6371,25.47
75.6874,25.38
75.7377,25.29
75.788,25.2
75.8383,25.11
75.8886,25.02
75.9389,24.93
75.9892,24.84
76.0396,24.75
76.0899,24.66
76.1402,24.57
76.1906,24.48
76.2409,24.39
76.2913,24.3
76.3416,24.21
76.392,24.12
76.4423,24.03
76.4927,23.94
76.5431,23.85
76.5935,23.76
76.6438,23.67
76.6942,23.58
76.7446,23.49
76.795,23.4
76.8454,23.31
76.8958,23.22
76.9462,23.13
76.9966,23.04
77.0471,22.95
77.0975,22.86
77.1479,22.77
77.1983,22.68
77.2488,22.59
77.2992,22.5
77.3497,22.41
77.4001,22.32
77.4506,22.23
77.501,22.14
77.5515,22.05
77.6019,21.96
77.6524,21.87
77.7029,21.78
77.7534,21.69
77.8038,21.6
77.8543,21.51
77.9048,21.42
77.9553,21.33
78.0058,21.24
78.0563,21.15
78.1068,21.06
78.1573,20.97
78.2078,20.88
78.2584,20.79
78.3089,20.7
78.3594,20.61
78.4099,20.52
78.4605,20.43
78.511,20.34
78.5616,20.25
78.6121,20.16
78.6626,20.07
78.7132,19.98
78.7638,19.89
78.8143,19.8
78.8649,19.71
78.9154,19.62
78.966,19.53
79.0166,19.44
79.0672,19.35
79.1178,19.26
79.1683,19.17
79.2189,19.08
79.2695,18.99
79.3201,18.9
79.3707,18.81
79.4213,18.72
79.4719,18.63
79.5226,18.54
79.5732,18.45
79.6238,18.36
79.6744,18.27
79.725,18.18
79.7757,18.09
79.8263,18
79.8769,17.91
79.9276,17.82
79.9782,17.73
80.0289,17.64
80.0795,17.55
80.1302,17.46
80.1808,17.37
80.2315,17.28
80.2822,17.19
80.3328,17.1
80.3835,17.01
80.4342,16.92
80.4848,16.83
80.5355,16.74
80.5862,16.65
80.6369,16.56
80.6876,16.47
80.7383,16.38
80.789,16.29
80.8397,16.2
80.8904,16.11
80.9411,16.02
80.9918,15.93
81.0425,15.84
81.0932,15.75
81.1439,15.66
81.1946,15.57
81.2454,15.48
81.2961,15.39
81.3468,15.3
81.3976,15.21
81.4483,15.12
81.499,15.03
81.5498,14.94
81.6005,14.85
81.6513,14.76
81.702,14.67
81.7528,14.58
81.8035,14.49
81.8543,14.4
81.905,14.31
81.9558,14.22
82.0066,14.13
82.0573,14.04
82.1081,13.95
82.1589,13.86
82.2097,13.77
82.2605,13.68
82.3112,13.59
82.362,13.5
82.4128,13.41
82.4636,13.32
82.5144,13.23
82.5652,13.14
82.616,13.05
82.6668,12.96
82.7176,12.87
82.7684,12.78
82.8192,12.69
82.87,12.6
82.9208,12.51
82.9717,12.42
83.0225,12.33
83.0733,12.24
83.1241,12.15
83.1749,12.06
83.2258,11.97
83.2766,11.88
83.3274,11.79
83.3783,11.7
83.4291,11.61
83.48,11.52
83.5308,11.43
83.5816,11.34
83.6325,11.25
83.6833,11.16
83.7342,11.07
83.785,10.98
83.8359,10.89
83.8868,10.8
83.9376,10.71
83.9885,10.62
84.0393,10.53
84.0902,10.44
84.1411,10.35
84.1919,10.26
84.2428,10.17
84.2937,10.08
84.3446,9.99
84.3954,9.9
84.4463,9.81
84.4972,9.72
84.5481,9.63
84.599,9.54
84.6499,9.45
84.7008,9.36
84.7516,9.27
84.8025,9.18
84.8534,9.09
84.9043,9
84.9552,8.91
85.0061,8.82
85.057,8.73
85.1079,8.64
85.1588,8.55
85.2097,8.46
85.2607,8.37
85.3116,8.28
85.3625,8.19
85.4134,8.1
85.4643,8.01
85.5152,7.92
85.5661,7.83
85.6171,7.74
85.668,7.65
85.7189,7.56
85.7698,7.47
85.8208,7.38
85.8717,7.29
85.9226,7.2
85.9735,7.11
86.0245,7.02
86.0754,6.93
86.1263,6.84
86.1773,6.75
86.2282,6.66
86.2791,6.57
86.3301,6.48
86.381,6.39
86.432,6.3
86.4829,6.21
86.5339,6.12
86.5848,6.03
86.6358,5.94
86.6867,5.85
86.7376,5.76
86.7886,5.67
86.8396,5.58
86.8905,5.49
86.9415,5.4
86.9924,5.31
87.0434,5.22
87.0943,5.13
87.1453,5.04
87.1962,4.95
87.2472,4.86
87.2982,4.77
87.3491,4.68
87.4001,4.59
87.4511,4.5
87.502,4.41
87.553,4.32
87.6039,4.23
87.6549,4.14
87.7059,4.05
87.7569,3.96
87.8078,3.87
87.8588,3.78
87.9098,3.69
87.9607,3.6
88.0117,3.51
88.0627,3.42
88.1137,3.33
88.1646,3.24
88.2156,3.15
88.2666,3.06
88.3176,2.97
88.3685,2.88
88.4195,2.79
88.4705,2.7
88.5215,2.61
88.5724,2.52
88.6234,2.43
88.6744,2.34
88.7254,2.25
88.7764,2.16
88.8273,2.07
88.8783,1.98
88.9293,1.89
88.9803,1.8
89.0313,1.71
89.0823,1.62
89.1332,1.53
89.1842,1.44
89.2352,1.35
89.2862,1.26
89.3372,1.17
89.3882,1.08
89.4392,0.99
89.4901,0.9
89.5411,0.81
89.5921,0.72
89.6431,0.63
89.6941,0.54
89.7451,0.45
89.7961,0.36
89.847,0.27
89.898,0.18
89.949,0.09
90,0
