he4_theta,p_theta
1.95E-09,90
0.0175054,89.949
0.0350108,89.898
0.0525161,89.847
0.0700214,89.796
0.0875266,89.7451
0.105032,89.6941
0.122537,89.6431
0.140042,89.5921
0.157546,89.5411
0.175051,89.4901
0.192555,89.4391
0.21006,89.3881
0.227564,89.3371
0.245067,89.2862
0.262571,89.2352
0.280074,89.1842
0.297577,89.1332
0.31508,89.0822
0.332582,89.0312
0.350084,88.9802
0.367586,88.9293
0.385087,88.8783
0.402588,88.8273
0.420088,88.7763
0.437588,88.7253
0.455088,88.6743
0.472587,88.6233
0.490086,88.5724
0.507584,88.5214
0.525082,88.4704
0.542578,88.4194
0.560075,88.3684
0.577571,88.3175
0.595066,88.2665
0.612561,88.2155
0.630055,88.1645
0.647548,88.1135
0.665042,88.0626
0.682533,88.0116
0.700025,87.9606
0.717516,87.9096
0.735006,87.8587
0.752495,87.8077
0.769984,87.7567
0.787471,87.7058
0.804958,87.6548
0.822444,87.6038
0.839929,87.5528
0.857413,87.5019
0.874897,87.4509
0.892379,87.3999
0.909861,87.349
0.927342,87.298
0.944822,87.247
0.9623,87.1961
0.979778,87.1451
0.997255,87.0942
1.01473,87.0432
1.03221,86.9922
1.04968,86.9413
1.06715,86.8903
1.08462,86.8394
1.10209,86.7884
1.11956,86.7375
1.13703,86.6865
1.1545,86.6356
1.17196,86.5846
1.18943,86.5337
1.20689,86.4827
1.22435,86.4318
1.24181,86.3808
1.25927,86.3299
1.27673,86.2789
1.29419,86.228
1.31164,86.1771
1.3291,86.1261
1.34655,86.0752
1.364,86.0242
1.38145,85.9733
1.3989,85.9224
1.41635,85.8714
1.4338,85.8205
1.45124,85.7696
1.46868,85.7187
1.48612,85.6677
1.50356,85.6168
1.521,85.5659
1.53844,85.515
1.55587,85.464
1.57331,85.4131
1.59074,85.3622
1.60817,85.3113
1.6256,85.2604
1.64303,85.2095
1.66045,85.1586
1.67787,85.1077
1.6953,85.0567
1.71272,85.0058
1.73013,84.9549
1.74755,84.904
1.76497,84.8531
1.78238,84.8022
1.79979,84.7513
1.8172,84.7005
1.83461,84.6496
1.85201,84.5987
1.86942,84.5478
1.88682,84.4969
1.90422,84.446
1.92162,84.3951
1.93901,84.3442
1.9564,84.2934
1.9738,84.2425
1.99119,84.1916
2.00857,84.1407
2.02596,84.0899
2.04334,84.039
2.06072,83.9881
2.0781,83.9373
2.09548,83.8864
2.11285,83.8355
2.13023,83.7847
2.1476,83.7338
2.16497,83.683
2.18233,83.6321
2.1997,83.5813
2.21706,83.5304
2.23442,83.4796
2.25177,83.4287
2.26913,83.3779
2.28648,83.3271
2.30383,83.2762
2.32118,83.2254
2.33852,83.1746
2.35586,83.1237
2.37321,83.0729
2.39054,83.0221
2.40788,82.9713
2.42521,82.9204
2.44254,82.8696
2.45987,82.8188
2.4772,82.768
2.49452,82.7172
2.51184,82.6664
2.52915,82.6156
2.54647,82.5648
2.56378,82.514
2.58109,82.4632
2.5984,82.4124
2.6157,82.3616
2.633,82.3108
2.6503,82.26
2.6676,82.2092
2.68489,82.1585
2.70218,82.1077
2.71947,82.0569
2.73675,82.0061
2.75404,81.9554
2.77131,81.9046
2.78859,81.8538
2.80586,81.8031
2.82313,81.7523
2.8404,81.7016
2.85767,81.6508
2.87493,81.6001
2.89219,81.5493
2.90944,81.4986
2.92669,81.4478
2.94394,81.3971
2.96119,81.3463
2.97843,81.2956
2.99567,81.2449
3.01291,81.1942
3.03014,81.1434
3.04737,81.0927
3.0646,81.042
3.08182,80.9913
3.09905,80.9406
3.11626,80.8899
3.13348,80.8392
3.15069,80.7885
3.1679,80.7378
3.1851,80.6871
3.2023,80.6364
3.2195,80.5857
3.23669,80.535
3.25388,80.4843
3.27107,80.4336
3.28826,80.383
3.30544,80.3323
3.32261,80.2816
3.33979,80.2309
3.35696,80.1803
3.37413,80.1296
3.39129,80.079
3.40845,80.0283
3.4256,79.9777
3.44276,79.927
3.4599,79.8764
3.47705,79.8257
3.49419,79.7751
3.51133,79.7245
3.52846,79.6738
3.5456,79.6232
3.56272,79.5726
3.57985,79.522
3.59696,79.4714
3.61408,79.4207
3.63119,79.3701
3.6483,79.3195
3.6654,79.2689
3.6825,79.2183
3.6996,79.1677
3.71669,79.1172
3.73378,79.0666
3.75086,79.016
3.76794,78.9654
3.78502,78.9148
3.80209,78.8643
3.81916,78.8137
3.83622,78.7631
3.85329,78.7126
3.87034,78.662
3.88739,78.6115
3.90444,78.5609
3.92149,78.5104
3.93852,78.4598
3.95556,78.4093
3.97259,78.3588
3.98962,78.3082
4.00664,78.2577
4.02366,78.2072
4.04067,78.1567
4.05768,78.1062
4.07469,78.0557
4.09169,78.0052
4.10869,77.9547
4.12568,77.9042
4.14267,77.8537
4.15965,77.8032
4.17663,77.7527
4.19361,77.7022
4.21058,77.6517
4.22754,77.6013
4.2445,77.5508
4.26146,77.5003
4.27841,77.4499
4.29536,77.3994
4.3123,77.349
4.32924,77.2985
4.34618,77.2481
4.36311,77.1976
4.38003,77.1472
4.39695,77.0968
4.41386,77.0464
4.43078,76.9959
4.44768,76.9455
4.46458,76.8951
4.48148,76.8447
4.49837,76.7943
4.51525,76.7439
4.53214,76.6935
4.54901,76.6431
4.56589,76.5927
4.58275,76.5424
4.59962,76.492
4.61647,76.4416
4.63333,76.3912
4.65017,76.3409
4.66702,76.2905
4.68385,76.2402
4.70068,76.1898
4.71751,76.1395
4.73433,76.0891
4.75115,76.0388
4.76796,75.9885
4.78477,75.9381
4.80157,75.8878
4.81836,75.8375
4.83516,75.7872
4.85194,75.7369
4.86872,75.6866
4.8855,75.6363
4.90227,75.586
4.91903,75.5357
4.93579,75.4854
4.95254,75.4351
4.96929,75.3849
4.98603,75.3346
5.00277,75.2843
5.0195,75.2341
5.03623,75.1838
5.05295,75.1336
5.06967,75.0833
5.08638,75.0331
5.10309,74.9828
5.11978,74.9326
5.13648,74.8824
5.15316,74.8322
5.16985,74.782
5.18652,74.7317
5.2032,74.6815
5.21986,74.6313
5.23652,74.5811
5.25317,74.531
5.26982,74.4808
5.28646,74.4306
5.3031,74.3804
5.31973,74.3302
5.33636,74.2801
5.35298,74.2299
5.36959,74.1798
5.3862,74.1296
5.4028,74.0795
5.41939,74.0293
5.43599,73.9792
5.45257,73.9291
5.46915,73.879
5.48572,73.8288
5.50228,73.7787
5.51884,73.7286
5.5354,73.6785
5.55194,73.6284
5.56849,73.5783
5.58502,73.5282
5.60155,73.4782
5.61807,73.4281
5.63459,73.378
5.6511,73.328
5.6676,73.2779
5.6841,73.2278
5.70059,73.1778
5.71708,73.1278
5.73356,73.0777
5.75003,73.0277
5.7665,72.9777
5.78295,72.9276
5.79941,72.8776
5.81585,72.8276
5.8323,72.7776
5.84873,72.7276
5.86516,72.6776
5.88158,72.6276
5.89799,72.5777
5.9144,72.5277
5.9308,72.4777
5.94719,72.4277
5.96359,72.3778
5.97996,72.3278
5.99634,72.2779
6.01271,72.2279
6.02907,72.178
6.04542,72.1281
6.06177,72.0781
6.07811,72.0282
6.09445,71.9783
6.11077,71.9284
6.1271,71.8785
6.14341,71.8286
6.15972,71.7787
6.17601,71.7288
6.19231,71.679
6.20859,71.6291
6.22488,71.5792
6.24114,71.5294
6.25741,71.4795
6.27367,71.4297
6.28992,71.3798
6.30616,71.33
6.3224,71.2801
6.33863,71.2303
6.35485,71.1805
6.37106,71.1307
6.38728,71.0809
6.40347,71.0311
6.41967,70.9813
6.43585,70.9315
6.45204,70.8817
6.4682,70.8319
6.48437,70.7822
6.50053,70.7324
6.51668,70.6826
6.53282,70.6329
6.54896,70.5831
6.56508,70.5334
6.5812,70.4837
6.59731,70.4339
6.61342,70.3842
6.62951,70.3345
6.64561,70.2848
6.66169,70.2351
6.67776,70.1854
6.69383,70.1357
6.70989,70.086
6.72594,70.0363
6.74199,69.9867
6.75802,69.937
6.77405,69.8873
6.79007,69.8377
6.80608,69.788
6.82209,69.7384
6.83809,69.6888
6.85407,69.6391
6.87006,69.5895
6.88603,69.5399
6.902,69.4903
6.91795,69.4407
6.9339,69.3911
6.94984,69.3415
6.96578,69.2919
6.9817,69.2424
6.99762,69.1928
7.01353,69.1432
7.02944,69.0937
7.04532,69.0441
7.06121,68.9946
7.07709,68.945
7.09296,68.8955
7.10882,68.846
7.12467,68.7965
7.14051,68.747
7.15635,68.6974
7.17218,68.648
7.188,68.5985
7.20381,68.549
7.21961,68.4995
7.2354,68.45
7.25119,68.4006
7.26697,68.3511
7.28274,68.3016
7.2985,68.2522
7.31425,68.2028
7.32999,68.1533
7.34573,68.1039
7.36145,68.0545
7.37717,68.0051
7.39288,67.9557
7.40858,67.9063
7.42427,67.8569
7.43996,67.8075
7.45563,67.7581
7.4713,67.7088
7.48695,67.6594
7.5026,67.61
7.51823,67.5607
7.53387,67.5113
7.54948,67.462
7.5651,67.4127
7.5807,67.3634
7.5963,67.314
7.61188,67.2647
7.62746,67.2154
7.64302,67.1661
7.65859,67.1168
7.67413,67.0676
7.68968,67.0183
7.7052,66.969
7.72073,66.9198
7.73624,66.8705
7.75174,66.8213
7.76723,66.772
7.78272,66.7228
7.79819,66.6736
7.81366,66.6244
7.82912,66.5751
7.84457,66.5259
7.86,66.4767
7.87544,66.4275
7.89085,66.3784
7.90627,66.3292
7.92166,66.28
7.93706,66.2309
7.95244,66.1817
7.96781,66.1326
7.98317,66.0834
7.99853,66.0343
8.01387,65.9852
8.0292,65.936
8.04452,65.8869
8.05984,65.8378
8.07514,65.7887
8.09044,65.7396
8.10572,65.6906
8.121,65.6415
8.13626,65.5924
8.15152,65.5434
8.16676,65.4943
8.18201,65.4453
8.19723,65.3962
8.21245,65.3472
8.22765,65.2982
8.24285,65.2491
8.25803,65.2001
8.27321,65.1511
8.28837,65.1021
8.30353,65.0532
8.31867,65.0042
8.33382,64.9552
8.34894,64.9062
8.36406,64.8573
8.37916,64.8083
8.39426,64.7594
8.40934,64.7105
8.42441,64.6615
8.43947,64.6126
8.45453,64.5637
8.46957,64.5148
8.48461,64.4659
8.49963,64.417
8.51464,64.3681
8.52964,64.3192
8.54463,64.2704
8.55961,64.2215
8.57459,64.1727
8.58954,64.1238
8.60449,64.075
8.61943,64.0261
8.63436,63.9773
8.64927,63.9285
8.66418,63.8797
8.67907,63.8309
8.69396,63.7821
8.70883,63.7333
8.7237,63.6845
8.73854,63.6358
8.75339,63.587
8.76822,63.5383
8.78304,63.4895
8.79784,63.4408
8.81265,63.392
8.82743,63.3433
8.84221,63.2946
8.85697,63.2459
8.87173,63.1972
8.88646,63.1485
8.9012,63.0998
8.91591,63.0511
8.93063,63.0025
8.94532,62.9538
8.96001,62.9051
8.97468,62.8565
8.98935,62.8079
9.004,62.7592
9.01864,62.7106
9.03327,62.662
9.04789,62.6134
9.06249,62.5648
9.07709,62.5162
9.09167,62.4676
9.10625,62.419
9.1208,62.3705
9.13536,62.3219
9.14989,62.2734
9.16442,62.2248
9.17893,62.1763
9.19344,62.1277
9.20792,62.0792
9.22241,62.0307
9.23687,61.9822
9.25133,61.9337
9.26577,61.8852
9.28021,61.8367
9.29462,61.7883
9.30904,61.7398
9.32343,61.6913
9.33782,61.6429
9.35218,61.5945
9.36655,61.546
9.38089,61.4976
9.39523,61.4492
9.40955,61.4008
9.42387,61.3524
9.43816,61.304
9.45246,61.2556
9.46673,61.2072
9.481,61.1588
9.49524,61.1105
9.50948,61.0621
9.52371,61.0138
9.53793,60.9654
9.55212,60.9171
9.56632,60.8688
9.58049,60.8205
9.59466,60.7722
9.6088,60.7239
9.62295,60.6756
9.63707,60.6273
9.65119,60.579
9.66528,60.5308
9.67938,60.4825
9.69345,60.4343
9.70752,60.386
9.72156,60.3378
9.73561,60.2896
9.74963,60.2413
9.76365,60.1931
9.77764,60.1449
9.79163,60.0967
9.8056,60.0486
9.81957,60.0004
9.83351,59.9522
9.84745,59.9041
9.86137,59.8559
9.87528,59.8078
9.88917,59.7596
9.90306,59.7115
9.91692,59.6634
9.93079,59.6153
9.94462,59.5672
9.95846,59.5191
9.97227,59.471
9.98608,59.4229
9.99987,59.3749
10.0136,59.3268
10.0274,59.2788
10.0412,59.2307
10.0549,59.1827
10.0686,59.1347
10.0823,59.0866
10.096,59.0386
10.1097,58.9906
10.1234,58.9426
10.137,58.8947
10.1507,58.8467
10.1643,58.7987
10.1779,58.7507
10.1915,58.7028
10.2051,58.6549
10.2187,58.6069
10.2322,58.559
10.2458,58.5111
10.2593,58.4632
10.2728,58.4153
10.2863,58.3674
10.2998,58.3195
10.3133,58.2716
10.3268,58.2238
10.3402,58.1759
10.3536,58.128
10.3671,58.0802
10.3805,58.0324
10.3939,57.9845
10.4072,57.9367
10.4206,57.8889
10.434,57.8411
10.4473,57.7933
10.4606,57.7455
10.4739,57.6978
10.4872,57.65
10.5005,57.6022
10.5137,57.5545
10.527,57.5068
10.5402,57.459
10.5535,57.4113
10.5667,57.3636
10.5798,57.3159
10.593,57.2682
10.6062,57.2205
10.6193,57.1728
10.6325,57.1251
10.6456,57.0775
10.6587,57.0298
10.6718,56.9822
10.6848,56.9345
10.6979,56.8869
10.7109,56.8393
10.724,56.7917
10.737,56.7441
10.75,56.6965
10.763,56.6489
10.7759,56.6013
10.7889,56.5538
10.8018,56.5062
10.8147,56.4586
10.8276,56.4111
10.8405,56.3636
10.8534,56.3161
10.8663,56.2685
10.8791,56.221
10.8919,56.1735
10.9047,56.126
10.9176,56.0785
10.9303,56.0311
10.9431,55.9836
10.9558,55.9362
10.9686,55.8887
10.9813,55.8413
10.994,55.7938
11.0067,55.7464
11.0194,55.699
11.032,55.6516
11.0447,55.6042
11.0573,55.5568
11.0699,55.5094
11.0825,55.4621
11.0951,55.4147
11.1077,55.3674
11.1202,55.32
11.1327,55.2727
11.1453,55.2254
11.1577,55.178
11.1702,55.1307
11.1827,55.0834
11.1952,55.0361
11.2076,54.9889
11.22,54.9416
11.2324,54.8943
11.2448,54.8471
11.2572,54.7998
11.2695,54.7526
11.2818,54.7053
11.2942,54.6581
11.3065,54.6109
11.3188,54.5637
11.331,54.5165
11.3433,54.4693
11.3555,54.4222
11.3677,54.375
11.3799,54.3278
11.3921,54.2807
11.4043,54.2335
11.4165,54.1864
11.4286,54.1393
11.4407,54.0922
11.4528,54.0451
11.4649,53.998
11.477,53.9509
11.489,53.9038
11.5011,53.8567
11.5131,53.8096
11.5251,53.7626
11.5371,53.7155
11.549,53.6685
11.561,53.6215
11.5729,53.5745
11.5848,53.5275
11.5967,53.4805
11.6086,53.4335
11.6205,53.3865
11.6323,53.3395
11.6441,53.2925
11.656,53.2456
11.6678,53.1986
11.6795,53.1517
11.6913,53.1048
11.703,53.0578
11.7148,53.0109
11.7265,52.964
11.7381,52.9171
11.7498,52.8703
11.7615,52.8234
11.7731,52.7765
11.7847,52.7297
11.7963,52.6828
11.8079,52.636
11.8195,52.5891
11.831,52.5423
11.8425,52.4955
11.854,52.4487
11.8655,52.4019
11.877,52.3551
11.8885,52.3083
11.8999,52.2616
11.9113,52.2148
11.9227,52.168
11.9341,52.1213
11.9455,52.0746
11.9568,52.0278
11.9681,51.9811
11.9794,51.9344
11.9907,51.8877
12.002,51.841
12.0132,51.7943
12.0245,51.7477
12.0357,51.701
12.0469,51.6544
12.0581,51.6077
12.0692,51.5611
12.0804,51.5144
12.0915,51.4678
12.1026,51.4212
12.1137,51.3746
12.1247,51.328
12.1358,51.2814
12.1468,51.2349
12.1578,51.1883
12.1688,51.1418
12.1798,51.0952
12.1907,51.0487
12.2017,51.0021
12.2126,50.9556
12.2235,50.9091
12.2343,50.8626
12.2452,50.8161
12.256,50.7696
12.2668,50.7231
12.2776,50.6767
12.2884,50.6302
12.2992,50.5838
12.3099,50.5373
12.3206,50.4909
12.3313,50.4445
12.342,50.3981
12.3527,50.3517
12.3633,50.3053
12.3739,50.2589
12.3845,50.2125
12.3951,50.1661
12.4056,50.1198
12.4162,50.0734
12.4267,50.0271
12.4372,49.9808
12.4477,49.9345
12.4581,49.8881
12.4686,49.8418
12.479,49.7955
12.4894,49.7493
12.4998,49.703
12.5101,49.6567
12.5205,49.6104
12.5308,49.5642
12.5411,49.5179
12.5513,49.4717
12.5616,49.4255
12.5718,49.3793
12.582,49.3331
12.5922,49.2869
12.6024,49.2407
12.6126,49.1945
12.6227,49.1483
12.6328,49.1022
12.6429,49.056
12.653,49.0099
12.663,48.9637
12.673,48.9176
12.683,48.8715
12.693,48.8254
12.703,48.7793
12.7129,48.7332
12.7229,48.6871
12.7327,48.6411
12.7426,48.595
12.7525,48.549
12.7623,48.5029
12.7721,48.4569
12.7819,48.4108
12.7917,48.3648
12.8015,48.3188
12.8112,48.2728
12.8209,48.2268
12.8306,48.1809
12.8402,48.1349
12.8499,48.0889
12.8595,48.043
12.8691,47.997
12.8787,47.9511
12.8882,47.9052
12.8978,47.8592
12.9073,47.8133
12.9168,47.7674
12.9262,47.7215
12.9357,47.6757
12.9451,47.6298
12.9545,47.5839
12.9639,47.5381
12.9733,47.4922
12.9826,47.4464
12.9919,47.4006
13.0012,47.3547
13.0105,47.3089
13.0197,47.2631
13.0289,47.2173
13.0381,47.1715
13.0473,47.1258
13.0564,47.08
13.0656,47.0342
13.0747,46.9885
13.0838,46.9428
13.0928,46.897
13.1019,46.8513
13.1109,46.8056
13.1199,46.7599
13.1289,46.7142
13.1378,46.6685
13.1468,46.6229
13.1557,46.5772
13.1645,46.5315
13.1734,46.4859
13.1822,46.4402
13.1911,46.3946
13.1998,46.349
13.2086,46.3034
13.2173,46.2578
13.2261,46.2122
13.2348,46.1666
13.2434,46.121
13.2521,46.0754
13.2607,46.0299
13.2693,45.9843
13.2779,45.9388
13.2864,45.8933
13.295,45.8477
13.3035,45.8022
13.312,45.7567
13.3204,45.7112
13.3289,45.6657
13.3373,45.6203
13.3457,45.5748
13.354,45.5293
13.3624,45.4839
13.3707,45.4384
13.379,45.393
13.3872,45.3476
13.3955,45.3022
13.4037,45.2568
13.4119,45.2114
13.42,45.166
13.4282,45.1206
13.4363,45.0752
13.4444,45.0299
13.4525,44.9845
13.4605,44.9392
13.4685,44.8938
13.4766,44.8485
13.4845,44.8032
13.4925,44.7579
13.5004,44.7126
13.5083,44.6673
13.5162,44.622
13.524,44.5767
13.5318,44.5315
13.5396,44.4862
13.5474,44.441
13.5552,44.3957
13.5629,44.3505
13.5706,44.3053
13.5782,44.2601
13.5859,44.2149
13.5935,44.1697
13.6011,44.1245
13.6087,44.0793
13.6162,44.0341
13.6237,43.989
13.6313,43.9438
13.6387,43.8987
13.6462,43.8536
13.6536,43.8084
13.661,43.7633
13.6683,43.7182
13.6757,43.6731
13.683,43.628
13.6903,43.583
13.6975,43.5379
13.7048,43.4928
13.712,43.4478
13.7192,43.4027
13.7263,43.3577
13.7335,43.3127
13.7406,43.2677
13.7477,43.2227
13.7547,43.1777
13.7617,43.1327
13.7687,43.0877
13.7757,43.0427
13.7826,42.9978
13.7896,42.9528
13.7965,42.9079
13.8033,42.8629
13.8102,42.818
13.817,42.7731
13.8238,42.7282
13.8305,42.6833
13.8373,42.6384
13.844,42.5935
13.8507,42.5486
13.8573,42.5038
13.8639,42.4589
13.8705,42.4141
13.8771,42.3692
13.8837,42.3244
13.8902,42.2796
13.8967,42.2348
13.9031,42.19
13.9096,42.1452
13.916,42.1004
13.9223,42.0556
13.9287,42.0108
13.935,41.9661
13.9413,41.9213
13.9476,41.8766
13.9538,41.8318
13.96,41.7871
13.9662,41.7424
13.9724,41.6977
13.9785,41.653
13.9846,41.6083
13.9907,41.5636
13.9967,41.5189
14.0027,41.4743
14.0087,41.4296
14.0147,41.385
14.0206,41.3403
14.0265,41.2957
14.0324,41.2511
14.0383,41.2065
14.0441,41.1619
14.0499,41.1173
14.0556,41.0727
14.0614,41.0281
14.0671,40.9835
14.0728,40.939
14.0784,40.8944
14.084,40.8499
14.0896,40.8054
14.0952,40.7608
14.1007,40.7163
14.1062,40.6718
14.1117,40.6273
14.1171,40.5828
14.1226,40.5383
14.1279,40.4939
14.1333,40.4494
14.1386,40.4049
14.1439,40.3605
14.1492,40.3161
14.1544,40.2716
14.1596,40.2272
14.1648,40.1828
14.17,40.1384
14.1751,40.094
14.1802,40.0496
14.1853,40.0052
14.1903,39.9609
14.1953,39.9165
14.2003,39.8722
14.2052,39.8278
14.2101,39.7835
14.215,39.7391
14.2199,39.6948
14.2247,39.6505
14.2295,39.6062
14.2343,39.5619
14.239,39.5176
14.2437,39.4734
14.2484,39.4291
14.253,39.3848
14.2576,39.3406
14.2622,39.2963
14.2667,39.2521
14.2713,39.2079
14.2757,39.1637
14.2802,39.1195
14.2846,39.0753
14.289,39.0311
14.2934,38.9869
14.2977,38.9427
14.302,38.8986
14.3063,38.8544
14.3106,38.8103
14.3148,38.7661
14.3189,38.722
14.3231,38.6779
14.3272,38.6338
14.3313,38.5897
14.3354,38.5456
14.3394,38.5015
14.3434,38.4574
14.3473,38.4133
14.3513,38.3693
14.3552,38.3252
14.359,38.2812
14.3629,38.2371
14.3667,38.1931
14.3705,38.1491
14.3742,38.1051
14.3779,38.061
14.3816,38.0171
14.3852,37.9731
14.3888,37.9291
14.3924,37.8851
14.3959,37.8412
14.3995,37.7972
14.4029,37.7533
14.4064,37.7093
14.4098,37.6654
14.4132,37.6215
14.4165,37.5776
14.4199,37.5337
14.4232,37.4898
14.4264,37.4459
14.4296,37.402
14.4328,37.3581
14.436,37.3143
14.4391,37.2704
14.4422,37.2266
14.4453,37.1827
14.4483,37.1389
14.4513,37.0951
14.4542,37.0513
14.4572,37.0075
14.46,36.9637
14.4629,36.9199
14.4657,36.8761
14.4685,36.8323
14.4713,36.7886
14.474,36.7448
14.4767,36.7011
14.4794,36.6573
14.482,36.6136
14.4846,36.5699
14.4871,36.5262
14.4897,36.4825
14.4922,36.4388
14.4946,36.3951
14.497,36.3514
14.4995,36.3077
14.5018,36.2641
14.5041,36.2204
14.5064,36.1768
14.5087,36.1331
14.5109,36.0895
14.5131,36.0459
14.5152,36.0023
14.5173,35.9587
14.5194,35.9151
14.5215,35.8715
14.5235,35.8279
14.5255,35.7843
14.5274,35.7408
14.5293,35.6972
14.5312,35.6537
14.533,35.6101
14.5348,35.5666
14.5366,35.523
14.5383,35.4795
14.54,35.436
14.5417,35.3925
14.5433,35.349
14.5449,35.3056
14.5465,35.2621
14.548,35.2186
14.5495,35.1751
14.5509,35.1317
14.5524,35.0882
14.5538,35.0448
14.5551,35.0014
14.5564,34.958
14.5577,34.9146
14.5589,34.8712
14.5602,34.8278
14.5613,34.7844
14.5625,34.741
14.5635,34.6976
14.5646,34.6542
14.5656,34.6109
14.5666,34.5675
14.5676,34.5242
14.5685,34.4809
14.5694,34.4376
14.5702,34.3942
14.571,34.3509
14.5718,34.3076
14.5725,34.2643
14.5733,34.221
14.5739,34.1778
14.5745,34.1345
14.5751,34.0912
14.5757,34.048
14.5762,34.0047
14.5767,33.9615
14.5771,33.9183
14.5775,33.8751
14.5779,33.8318
14.5782,33.7886
14.5785,33.7454
14.5788,33.7023
14.579,33.6591
14.5792,33.6159
14.5793,33.5727
14.5795,33.5296
14.5795,33.4864
14.5796,33.4433
14.5795,33.4001
14.5795,33.357
14.5794,33.3139
14.5793,33.2708
14.5792,33.2277
14.579,33.1846
14.5788,33.1415
14.5785,33.0984
14.5782,33.0554
14.5779,33.0123
14.5775,32.9692
14.5771,32.9262
14.5766,32.8831
14.5761,32.8401
14.5756,32.7971
14.575,32.7541
14.5744,32.711
14.5738,32.668
14.5731,32.6251
14.5724,32.5821
14.5716,32.5391
14.5708,32.4961
14.5699,32.4531
14.5691,32.4102
14.5682,32.3672
14.5672,32.3243
14.5662,32.2814
14.5652,32.2384
14.5641,32.1955
14.563,32.1526
14.5618,32.1097
14.5607,32.0668
14.5594,32.0239
14.5582,31.981
14.5569,31.9382
14.5555,31.8953
14.5541,31.8524
14.5527,31.8096
14.5513,31.7667
14.5498,31.7239
14.5482,31.6811
14.5467,31.6383
14.545,31.5955
14.5434,31.5526
14.5417,31.5098
14.5399,31.4671
14.5381,31.4243
14.5363,31.3815
14.5345,31.3387
14.5326,31.296
14.5306,31.2532
14.5287,31.2105
14.5266,31.1677
14.5246,31.125
14.5225,31.0823
14.5204,31.0396
14.5182,30.9969
14.516,30.9542
14.5137,30.9115
14.5114,30.8688
14.509,30.8261
14.5067,30.7834
14.5042,30.7408
14.5018,30.6981
14.4993,30.6555
14.4967,30.6128
14.4941,30.5702
14.4915,30.5275
14.4888,30.4849
14.4862,30.4423
14.4834,30.3997
14.4806,30.3571
14.4778,30.3145
14.4749,30.2719
14.472,30.2294
14.4691,30.1868
14.466,30.1442
14.463,30.1017
14.4599,30.0591
14.4568,30.0166
14.4536,29.9741
14.4505,29.9315
14.4472,29.889
14.4439,29.8465
14.4406,29.804
14.4372,29.7615
14.4338,29.719
14.4304,29.6765
14.4268,29.6341
14.4233,29.5916
14.4197,29.5491
14.4161,29.5067
14.4124,29.4642
14.4088,29.4218
14.405,29.3794
14.4012,29.3369
14.3974,29.2945
14.3935,29.2521
14.3896,29.2097
14.3856,29.1673
14.3816,29.1249
14.3776,29.0825
14.3735,29.0402
14.3694,28.9978
14.3652,28.9555
14.361,28.9131
14.3567,28.8708
14.3524,28.8284
14.3481,28.7861
14.3437,28.7438
14.3393,28.7014
14.3348,28.6591
14.3303,28.6168
14.3257,28.5745
14.3211,28.5322
14.3165,28.4899
14.3118,28.4477
14.3071,28.4054
14.3023,28.3631
14.2975,28.3209
14.2926,28.2786
14.2877,28.2364
14.2827,28.1942
14.2778,28.1519
14.2727,28.1097
14.2676,28.0675
14.2625,28.0253
14.2574,27.9831
14.2521,27.9409
14.2469,27.8987
14.2416,27.8565
14.2362,27.8144
14.2308,27.7722
14.2254,27.73
14.2199,27.6879
14.2144,27.6457
14.2089,27.6036
14.2033,27.5615
14.1976,27.5193
14.1919,27.4772
14.1862,27.4351
14.1804,27.393
14.1745,27.3509
14.1687,27.3088
14.1628,27.2667
14.1568,27.2247
14.1508,27.1826
14.1447,27.1405
14.1386,27.0985
14.1325,27.0564
14.1263,27.0144
14.1201,26.9723
14.1138,26.9303
14.1075,26.8883
14.1011,26.8463
14.0947,26.8043
14.0882,26.7623
14.0818,26.7203
14.0752,26.6783
14.0686,26.6363
14.062,26.5943
14.0553,26.5523
14.0486,26.5104
14.0418,26.4684
14.035,26.4265
14.0281,26.3845
14.0212,26.3426
14.0143,26.3006
14.0072,26.2587
14.0002,26.2168
13.9931,26.1749
13.986,26.133
13.9788,26.0911
13.9716,26.0492
13.9643,26.0073
13.957,25.9654
13.9496,25.9236
13.9422,25.8817
13.9347,25.8398
13.9272,25.798
13.9196,25.7561
13.9121,25.7143
13.9044,25.6725
13.8967,25.6306
13.889,25.5888
13.8812,25.547
13.8734,25.5052
13.8655,25.4634
13.8576,25.4216
13.8496,25.3798
13.8416,25.338
13.8336,25.2963
13.8254,25.2545
13.8173,25.2127
13.8091,25.171
13.8008,25.1292
13.7925,25.0875
13.7842,25.0457
13.7758,25.004
13.7674,24.9623
13.7589,24.9206
13.7504,24.8788
13.7418,24.8371
13.7332,24.7954
13.7245,24.7537
13.7158,24.7121
13.707,24.6704
13.6982,24.6287
13.6893,24.587
13.6805,24.5454
13.6715,24.5037
13.6625,24.4621
13.6534,24.4204
13.6444,24.3788
13.6352,24.3371
13.626,24.2955
13.6168,24.2539
13.6075,24.2123
13.5982,24.1707
13.5888,24.1291
13.5794,24.0875
13.5699,24.0459
13.5604,24.0043
13.5508,23.9627
13.5412,23.9212
13.5315,23.8796
13.5218,23.838
13.5121,23.7965
13.5022,23.7549
13.4924,23.7134
13.4825,23.6719
13.4725,23.6303
13.4625,23.5888
13.4525,23.5473
13.4424,23.5058
13.4323,23.4643
13.422,23.4228
13.4118,23.3813
13.4015,23.3398
13.3912,23.2983
13.3808,23.2568
13.3704,23.2154
13.3599,23.1739
13.3494,23.1324
13.3388,23.091
13.3282,23.0496
13.3175,23.0081
13.3068,22.9667
13.296,22.9253
13.2852,22.8838
13.2743,22.8424
13.2634,22.801
13.2524,22.7596
13.2414,22.7182
13.2303,22.6768
13.2192,22.6354
13.208,22.594
13.1969,22.5527
13.1856,22.5113
13.1743,22.4699
13.1629,22.4286
13.1515,22.3872
13.1401,22.3459
13.1286,22.3045
13.117,22.2632
13.1054,22.2219
13.0938,22.1805
13.0821,22.1392
13.0703,22.0979
13.0585,22.0566
13.0467,22.0153
13.0348,21.974
13.0228,21.9327
13.0109,21.8914
12.9988,21.8502
12.9867,21.8089
12.9746,21.7676
12.9624,21.7263
12.9501,21.6851
12.9379,21.6438
12.9255,21.6026
12.9132,21.5614
12.9007,21.5201
12.8882,21.4789
12.8757,21.4377
12.8631,21.3965
12.8505,21.3552
12.8378,21.314
12.825,21.2728
12.8123,21.2316
12.7994,21.1904
12.7866,21.1493
12.7736,21.1081
12.7607,21.0669
12.7476,21.0257
12.7346,20.9846
12.7214,20.9434
12.7083,20.9023
12.695,20.8611
12.6818,20.82
12.6684,20.7788
12.6551,20.7377
12.6416,20.6966
12.6282,20.6555
12.6146,20.6144
12.6011,20.5732
12.5874,20.5321
12.5738,20.491
12.56,20.45
12.5463,20.4089
12.5324,20.3678
12.5186,20.3267
12.5046,20.2856
12.4907,20.2446
12.4766,20.2035
12.4626,20.1624
12.4484,20.1214
12.4343,20.0803
12.42,20.0393
12.4058,19.9983
12.3915,19.9572
12.3771,19.9162
12.3627,19.8752
12.3482,19.8342
12.3337,19.7932
12.3191,19.7522
12.3045,19.7112
12.2898,19.6702
12.2751,19.6292
12.2603,19.5882
12.2455,19.5472
12.2307,19.5062
12.2157,19.4653
12.2008,19.4243
12.1857,19.3834
12.1707,19.3424
12.1555,19.3015
12.1404,19.2605
12.1251,19.2196
12.1099,19.1786
12.0946,19.1377
12.0792,19.0968
12.0638,19.0559
12.0483,19.015
12.0328,18.974
12.0172,18.9331
12.0016,18.8922
11.9859,18.8513
11.9702,18.8105
11.9544,18.7696
11.9386,18.7287
11.9228,18.6878
11.9068,18.647
11.8909,18.6061
11.8748,18.5652
11.8588,18.5244
11.8426,18.4835
11.8265,18.4427
11.8102,18.4018
11.794,18.361
11.7777,18.3202
11.7613,18.2793
11.7449,18.2385
11.7284,18.1977
11.7119,18.1569
11.6953,18.1161
11.6787,18.0753
11.662,18.0345
11.6453,17.9937
11.6286,17.9529
11.6117,17.9121
11.5949,17.8713
11.5779,17.8306
11.561,17.7898
11.5439,17.749
11.5269,17.7083
11.5098,17.6675
11.4926,17.6268
11.4754,17.586
11.4581,17.5453
11.4408,17.5046
11.4234,17.4638
11.406,17.4231
11.3886,17.3824
11.371,17.3417
11.3535,17.3009
11.3358,17.2602
11.3182,17.2195
11.3005,17.1788
11.2827,17.1381
11.2649,17.0974
11.247,17.0568
11.2291,17.0161
11.2112,16.9754
11.1931,16.9347
11.1751,16.8941
11.1569,16.8534
11.1388,16.8127
11.1206,16.7721
11.1023,16.7314
11.084,16.6908
11.0657,16.6501
11.0472,16.6095
11.0288,16.5689
11.0103,16.5282
10.9917,16.4876
10.9731,16.447
10.9545,16.4064
10.9357,16.3658
10.917,16.3252
10.8982,16.2846
10.8793,16.244
10.8604,16.2034
10.8415,16.1628
10.8225,16.1222
10.8034,16.0816
10.7843,16.041
10.7652,16.0005
10.746,15.9599
10.7268,15.9193
10.7074,15.8788
10.6881,15.8382
10.6687,15.7977
10.6493,15.7571
10.6298,15.7166
10.6102,15.676
10.5906,15.6355
10.571,15.595
10.5513,15.5544
10.5316,15.5139
10.5118,15.4734
10.492,15.4329
10.4721,15.3924
10.4522,15.3519
10.4322,15.3114
10.4122,15.2709
10.3921,15.2304
10.372,15.1899
10.3518,15.1494
10.3316,15.1089
10.3113,15.0684
10.291,15.0279
10.2706,14.9875
10.2502,14.947
10.2297,14.9065
10.2092,14.8661
10.1887,14.8256
10.1681,14.7852
10.1474,14.7447
10.1267,14.7043
10.106,14.6639
10.0852,14.6234
10.0643,14.583
10.0434,14.5426
10.0225,14.5021
10.0015,14.4617
9.98046,14.4213
9.9594,14.3809
9.93824,14.3405
9.91709,14.3001
9.89584,14.2597
9.87459,14.2193
9.85324,14.1789
9.8319,14.1385
9.81046,14.0981
9.78902,14.0577
9.76749,14.0174
9.74595,13.977
9.72432,13.9366
9.7027,13.8962
9.68098,13.8559
9.65925,13.8155
9.63744,13.7752
9.61562,13.7348
9.59372,13.6945
9.57181,13.6541
9.5498,13.6138
9.5278,13.5734
9.50571,13.5331
9.48361,13.4928
9.46143,13.4525
9.43924,13.4121
9.41696,13.3718
9.39468,13.3315
9.3723,13.2912
9.34993,13.2509
9.32747,13.2106
9.305,13.1703
9.28245,13.13
9.25989,13.0897
9.23724,13.0494
9.21459,13.0091
9.19185,12.9688
9.16911,12.9285
9.14628,12.8883
9.12345,12.848
9.10053,12.8077
9.07761,12.7675
9.0546,12.7272
9.03158,12.6869
9.00848,12.6467
8.98538,12.6064
8.96219,12.5662
8.93899,12.5259
8.91571,12.4857
8.89243,12.4454
8.86906,12.4052
8.84569,12.365
8.82223,12.3247
8.79877,12.2845
8.77522,12.2443
8.75167,12.2041
8.72803,12.1639
8.70439,12.1236
8.68066,12.0834
8.65694,12.0432
8.63312,12.003
8.60931,11.9628
8.58541,11.9226
8.5615,11.8824
8.53751,11.8422
8.51352,11.8021
8.48945,11.7619
8.46537,11.7217
8.44121,11.6815
8.41705,11.6413
8.3928,11.6012
8.36855,11.561
8.34421,11.5208
8.31987,11.4807
8.29545,11.4405
8.27103,11.4004
8.24652,11.3602
8.22202,11.3201
8.19743,11.2799
8.17283,11.2398
8.14816,11.1996
8.12348,11.1595
8.09872,11.1193
8.07396,11.0792
8.04911,11.0391
8.02427,10.999
7.99934,10.9588
7.97441,10.9187
7.9494,10.8786
7.92439,10.8385
7.89929,10.7984
7.8742,10.7583
7.84902,10.7182
7.82384,10.6781
7.79858,10.638
7.77332,10.5979
7.74798,10.5578
7.72264,10.5177
7.69722,10.4776
7.6718,10.4375
7.64629,10.3974
7.62079,10.3573
7.5952,10.3173
7.56962,10.2772
7.54396,10.2371
7.51829,10.197
7.49255,10.157
7.4668,10.1169
7.44098,10.0769
7.41516,10.0368
7.38925,9.99674
7.36335,9.95669
7.33737,9.91664
7.31139,9.87659
7.28533,9.83655
7.25927,9.79651
7.23313,9.75647
7.20699,9.71643
7.18078,9.6764
7.15456,9.63636
7.12827,9.59634
7.10198,9.55631
7.07561,9.51629
7.04925,9.47626
7.0228,9.43625
6.99636,9.39623
6.96984,9.35622
6.94332,9.31621
6.91672,9.2762
6.89013,9.23619
6.86346,9.19619
6.83679,9.15619
6.81005,9.11619
6.78331,9.07619
6.75649,9.0362
6.72967,8.99621
6.70278,8.95622
6.67589,8.91623
6.64893,8.87625
6.62196,8.83627
6.59493,8.79629
6.56789,8.75631
6.54079,8.71634
6.51368,8.67637
6.4865,8.6364
6.45932,8.59643
6.43207,8.55646
6.40482,8.5165
6.3775,8.47654
6.35018,8.43658
6.32279,8.39663
6.2954,8.35667
6.26794,8.31672
6.24048,8.27677
6.21295,8.23683
6.18543,8.19688
6.15783,8.15694
6.13023,8.117
6.10257,8.07706
6.0749,8.03713
6.04717,7.99719
6.01944,7.95726
5.99164,7.91733
5.96384,7.8774
5.93598,7.83748
5.90811,7.79756
5.88018,7.75764
5.85225,7.71772
5.82426,7.6778
5.79626,7.63789
5.7682,7.59798
5.74014,7.55806
5.71201,7.51816
5.68389,7.47825
5.6557,7.43835
5.62751,7.39844
5.59926,7.35854
5.57101,7.31865
5.54269,7.27875
5.51438,7.23885
5.486,7.19896
5.45763,7.15907
5.42919,7.11919
5.40075,7.0793
5.37225,7.03941
5.34375,6.99953
5.31519,6.95965
5.28663,6.91977
5.25802,6.8799
5.2294,6.84002
5.20072,6.80015
5.17204,6.76027
5.1433,6.72041
5.11457,6.68054
5.08577,6.64067
5.05698,6.60081
5.02813,6.56095
4.99927,6.52108
4.97036,6.48123
4.94146,6.44137
4.91249,6.40151
4.88353,6.36166
4.8545,6.32181
4.82548,6.28196
4.79641,6.24211
4.76733,6.20226
4.7382,6.16242
4.70907,6.12258
4.67989,6.08273
4.6507,6.04289
4.62147,6.00306
4.59223,5.96322
4.56294,5.92338
4.53365,5.88355
4.5043,5.84372
4.47496,5.80389
4.44557,5.76406
4.41618,5.72423
4.38673,5.68441
4.35729,5.64458
4.32779,5.60476
4.2983,5.56494
4.26875,5.52512
4.23921,5.4853
4.20962,5.44549
4.18002,5.40567
4.15038,5.36586
4.12074,5.32604
4.09105,5.28623
4.06136,5.24642
4.03163,5.20662
4.00189,5.16681
3.97211,5.12701
3.94232,5.0872
3.9125,5.0474
3.88267,5.0076
3.85279,4.9678
3.82292,4.928
3.793,4.88821
3.76309,4.84841
3.73312,4.80862
3.70316,4.76882
3.67316,4.72903
3.64315,4.68924
3.61311,4.64945
3.58306,4.60966
3.55297,4.56988
3.52288,4.53009
3.49275,4.49031
3.46262,4.45053
3.43245,4.41074
3.40228,4.37096
3.37207,4.33119
3.34186,4.29141
3.31161,4.25163
3.28136,4.21185
3.25108,4.17208
3.22079,4.13231
3.19046,4.09254
3.16014,4.05276
3.12978,4.01299
3.09941,3.97322
3.06901,3.93346
3.03862,3.89369
3.00818,3.85393
2.97775,3.81416
2.94728,3.7744
2.91681,3.73463
2.8863,3.69487
2.8558,3.65511
2.82526,3.61535
2.79472,3.57559
2.76415,3.53584
2.73358,3.49608
2.70298,3.45632
2.67238,3.41657
2.64174,3.37682
2.61111,3.33706
2.58045,3.29731
2.54978,3.25756
2.51909,3.21781
2.48839,3.17806
2.45767,3.13831
2.42694,3.09856
2.39619,3.05882
2.36544,3.01907
2.33465,2.97933
2.30387,2.93958
2.27307,2.89984
2.24226,2.8601
2.21142,2.82035
2.18059,2.78061
2.14973,2.74087
2.11887,2.70113
2.08798,2.66139
2.05709,2.62166
2.02618,2.58192
1.99527,2.54218
1.96434,2.50245
1.9334,2.46271
1.90245,2.42298
1.87149,2.38324
1.84051,2.34351
1.80953,2.30378
1.77853,2.26404
1.74753,2.22431
1.71651,2.18458
1.68549,2.14485
1.65445,2.10512
1.6234,2.06539
1.59234,2.02566
1.56128,1.98594
1.5302,1.94621
1.49912,1.90648
1.46803,1.86676
1.43693,1.82703
1.40581,1.7873
1.3747,1.74758
1.34357,1.70785
1.31244,1.66813
1.28129,1.62841
1.25015,1.58868
1.21898,1.54896
1.18782,1.50924
1.15665,1.46952
1.12547,1.4298
1.09428,1.39007
1.06309,1.35035
1.03189,1.31063
1.00069,1.27091
0.969477,1.23119
0.938263,1.19147
0.907038,1.15176
0.875814,1.11204
0.844578,1.07232
0.813343,1.0326
0.782098,0.992883
0.750853,0.953166
0.719599,0.913449
0.688345,0.873732
0.657083,0.834015
0.625821,0.794298
0.594551,0.754582
0.563281,0.714866
0.532005,0.67515
0.500728,0.635435
0.469446,0.595719
0.438163,0.556004
0.406876,0.516289
0.375588,0.476574
0.344296,0.436859
0.313004,0.397144
0.281708,0.357429
0.250412,0.317715
0.219113,0.278
0.187814,0.238286
0.156513,0.198571
0.125212,0.158857
0.0939094,0.119143
0.0626068,0.0794284
0.0313034,0.0397142